260,407,125.696,34.492,23.023,196544.578,3821613.5,1
260,408,125.696,34.52,22.975,196649.109,3824809,1
260,409,125.696,34.549,22.912,196753.703,3828004.25,1
260,410,125.696,34.578,22.844,196858.375,3831199.75,1
260,411,125.696,34.607,22.786,196963.125,3834395.25,1
260,412,125.696,34.636,22.757,197067.953,3837590.75,1
261,398,125.728,34.231,23.13,198553.375,3792670.5,1
261,399,125.728,34.26,23.142,198656.547,3795877,1
261,400,125.728,34.289,23.169,198759.797,3799083.5,1
261,401,125.728,34.318,23.208,198863.125,3802290,1
261,402,125.728,34.347,23.26,198966.531,3805496.5,1
261,403,125.728,34.376,23.315,199070,3808702.75,1
261,404,125.728,34.405,23.356,199173.562,3811909.25,1
261,405,125.728,34.434,23.375,199277.203,3815115.75,1
261,406,125.728,34.463,23.364,199380.547,3818311.25,1
261,407,125.728,34.492,23.319,199484.344,3821517.75,1
261,408,125.728,34.52,23.237,199587.844,3824713.25,1
261,409,125.728,34.549,23.131,199691.422,3827908.75,1
261,410,125.728,34.578,23.027,199795.078,3831104,1
261,411,125.728,34.607,22.948,199898.812,3834299.5,1
261,412,125.728,34.636,22.902,200002.609,3837495,1
261,413,125.728,34.664,22.895,200106.5,3840690.5,1
261,414,125.728,34.693,22.921,200210.453,3843886,1
261,415,125.728,34.722,22.949,200314.5,3847081.5,1
261,416,125.728,34.751,22.97,200418.25,3850266,1
262,396,125.759,34.174,23.219,201288.547,3786152.75,1
262,397,125.759,34.203,23.186,201390.922,3789370,1
262,398,125.759,34.231,23.222,201493,3792576.5,1
262,399,125.759,34.26,23.267,201595.172,3795783,1
262,400,125.759,34.289,23.323,201697.406,3798989.25,1
262,401,125.759,34.318,23.402,201799.734,3802195.75,1
262,402,125.759,34.347,23.497,201902.125,3805402.25,1
262,403,125.759,34.376,23.585,202004.594,3808608.5,1
262,404,125.759,34.405,23.647,202107.141,3811815,1
262,405,125.759,34.434,23.661,202209.75,3815021.5,1
262,406,125.759,34.463,23.609,202312.094,3818216.75,1
262,407,125.759,34.492,23.494,202414.859,3821423.25,1
262,408,125.759,34.52,23.345,202517.359,3824618.75,1
262,409,125.759,34.549,23.208,202619.922,3827814.25,1
262,410,125.759,34.578,23.11,202722.562,3831009.5,1
262,411,125.759,34.607,23.047,202825.281,3834205,1
262,412,125.759,34.636,22.994,202928.078,3837400.5,1
262,413,125.759,34.664,22.948,203030.938,3840595.75,1
262,414,125.759,34.693,22.923,203133.891,3843791.25,1
262,415,125.759,34.722,22.893,203236.906,3846986.75,1
262,416,125.759,34.751,22.861,203339.641,3850171.25,1
262,417,125.759,34.779,22.846,203442.812,3853366.75,1
262,418,125.759,34.808,22.84,203545.688,3856551,1
262,419,125.759,34.837,22.854,203648.656,3859735.5,1
262,420,125.759,34.866,22.9,203752.047,3862931,1
263,396,125.791,34.174,23.279,204239.391,3786059.25,1
263,397,125.791,34.203,23.37,204340.75,3789276.75,1
263,398,125.791,34.231,23.437,204441.828,3792483,1
263,399,125.791,34.26,23.484,204542.969,3795689.5,1
263,400,125.791,34.289,23.538,204644.203,3798895.75,1
263,401,125.791,34.318,23.62,204745.5,3802102.25,1
263,402,125.791,34.347,23.713,204846.891,3805308.5,1
263,403,125.791,34.376,23.774,204948.344,3808515,1
263,404,125.791,34.405,23.768,205049.859,3811721.25,1
263,405,125.791,34.434,23.69,205151.469,3814927.75,1
263,406,125.791,34.463,23.558,205252.797,3818123,1
263,407,125.791,34.492,23.397,205354.547,3821329.5,1
263,408,125.791,34.52,23.242,205456.031,3824525,1
263,409,125.791,34.549,23.135,205557.578,3827720.25,1
263,410,125.791,34.578,23.088,205659.203,3830915.75,1
263,411,125.791,34.607,23.064,205760.906,3834111,1
263,412,125.791,34.636,23.017,205862.672,3837306.5,1
263,413,125.791,34.664,22.94,205964.516,3840501.75,1
263,414,125.791,34.693,22.873,206066.453,3843697.25,1
263,415,125.791,34.722,22.813,206168.438,3846892.75,1
263,416,125.791,34.751,22.761,206270.156,3850077,1
263,417,125.791,34.779,22.724,206372.312,3853272.5,1
263,418,125.791,34.808,22.693,206474.172,3856456.75,1
263,419,125.791,34.837,22.679,206576.109,3859641.25,1
263,420,125.791,34.866,22.704,206678.484,3862836.75,1
263,421,125.791,34.894,22.801,206780.562,3866021.25,1
263,422,125.791,34.923,22.98,206882.719,3869205.5,1
263,423,125.791,34.952,23.225,206984.594,3872378.75,1
263,424,125.791,34.98,23.484,207086.906,3875563.25,1
264,396,125.823,34.174,23.426,207190.203,3785966.75,1
264,397,125.823,34.203,23.553,207290.531,3789184.25,1
264,398,125.823,34.231,23.645,207390.609,3792390.5,1
264,399,125.823,34.26,23.711,207490.75,3795596.75,1
264,400,125.823,34.289,23.771,207590.953,3798803.25,1
264,401,125.823,34.318,23.837,207691.25,3802009.5,1
264,402,125.823,34.347,23.901,207791.609,3805215.75,1
264,403,125.823,34.376,23.914,207892.047,3808422.25,1
264,404,125.823,34.405,23.842,207992.562,3811628.5,1
264,405,125.823,34.434,23.685,208093.156,3814835,1
264,406,125.823,34.463,23.495,208193.469,3818030.25,1
264,407,125.823,34.492,23.331,208294.203,3821236.75,1
264,408,125.823,34.52,23.226,208394.656,3824432,1
264,409,125.823,34.549,23.199,208495.188,3827627.25,1
264,410,125.823,34.578,23.248,208595.797,3830822.75,1
264,412,125.823,34.636,23.061,208797.234,3837213.5,1
264,413,125.823,34.664,22.913,208898.078,3840408.75,1
264,414,125.823,34.693,22.857,208998.969,3843604.25,1
264,415,125.823,34.722,22.793,209099.953,3846799.5,1
264,416,125.823,34.751,22.739,209200.656,3849984,1
264,417,125.823,34.779,22.677,209301.781,3853179.25,1
264,418,125.823,34.808,22.622,209402.625,3856363.75,1
264,419,125.823,34.837,22.602,209503.531,3859548,1
264,420,125.823,34.866,22.634,209604.875,3862743.5,1
264,421,125.823,34.894,22.733,209705.953,3865927.75,1
264,422,125.823,34.923,22.921,209807.078,3869112.25,1
264,423,125.823,34.952,23.174,209907.938,3872285.5,1
264,424,125.823,34.98,23.456,210009.234,3875469.75,1
264,425,125.823,35.009,23.693,210110.578,3878654.25,1
264,426,125.823,35.038,23.815,210211.656,3881827.5,1
264,427,125.823,35.066,23.831,210313.156,3885012,1
264,428,125.823,35.095,23.85,210414.375,3888185.25,1
265,396,125.855,34.174,23.441,210131.75,3785875.5,1
265,397,125.855,34.203,23.647,210231.078,3789093,1
265,398,125.855,34.231,23.795,210330.141,3792299.25,1
265,399,125.855,34.26,23.896,210429.266,3795505.5,1
265,400,125.855,34.289,23.956,210528.469,3798711.75,1
265,401,125.855,34.318,23.966,210627.75,3801918,1
265,402,125.855,34.347,23.95,210727.109,3805124.5,1
265,403,125.855,34.376,23.903,210826.531,3808330.75,1
265,404,125.855,34.405,23.83,210926.031,3811537,1
265,405,125.855,34.434,23.724,211025.609,3814743.5,1
265,406,125.855,34.463,23.595,211124.906,3817938.75,1
265,407,125.855,34.492,23.481,211224.625,3821145,1
265,408,125.855,34.52,23.417,211324.078,3824340.25,1
265,409,125.855,34.549,23.409,211423.594,3827535.75,1
265,410,125.855,34.578,23.448,211523.203,3830731,1
265,412,125.855,34.636,23.122,211722.609,3837121.5,1
265,413,125.855,34.664,22.957,211822.422,3840317,1
265,414,125.855,34.693,22.904,211922.312,3843512.25,1
265,415,125.855,34.722,22.871,212022.266,3846707.75,1
265,416,125.855,34.751,22.822,212121.953,3849892,1
265,417,125.855,34.779,22.745,212222.062,3853087.25,1
265,418,125.855,34.808,22.668,212321.891,3856271.5,1
265,419,125.855,34.837,22.654,212421.781,3859456,1
265,420,125.855,34.866,22.755,212522.109,3862651.25,1
265,421,125.855,34.894,22.89,212622.156,3865835.75,1
265,422,125.855,34.923,23.089,212722.281,3869020,1
265,423,125.855,34.952,23.306,212822.125,3872193.25,1
265,424,125.855,34.98,23.538,212922.375,3875377.5,1
265,425,125.855,35.009,23.753,213022.719,3878562,1
265,426,125.855,35.038,23.876,213122.781,3881735.25,1
265,427,125.855,35.066,23.892,213223.25,3884919.75,1
265,428,125.855,35.095,23.862,213323.453,3888093,1
265,429,125.855,35.124,24.015,213424.078,3891277.5,1
265,499,125.855,37.102,24.184,220533.359,4110839,1
265,500,125.855,37.13,24.078,220636.016,4113935.25,1
265,501,125.855,37.158,23.975,220738.734,4117031.75,1
265,502,125.855,37.186,23.89,220841.531,4120128,1
265,503,125.855,37.214,23.827,220944.016,4123213.5,1
266,396,125.887,34.174,23.624,213082.5,3785785,1
266,397,125.887,34.203,23.812,213180.812,3789002.25,1
266,398,125.887,34.231,23.912,213278.859,3792208.5,1
266,399,125.887,34.26,23.983,213376.969,3795414.75,1
266,400,125.887,34.289,23.987,213475.172,3798621,1
266,401,125.887,34.318,23.931,213573.438,3801827.25,1
266,402,125.887,34.347,23.809,213671.766,3805033.5,1
266,403,125.887,34.376,23.693,213770.188,3808240,1
266,404,125.887,34.405,23.591,213868.672,3811446.25,1
266,405,125.887,34.434,23.517,213967.219,3814652.5,1
266,406,125.887,34.463,23.444,214065.516,3817847.75,1
266,407,125.887,34.492,23.36,214164.219,3821054,1
266,408,125.887,34.52,23.276,214262.656,3824249.25,1
266,409,125.887,34.549,23.215,214361.156,3827444.5,1
266,410,125.887,34.578,23.186,214459.734,3830639.75,1
266,411,125.887,34.607,23.132,214558.391,3833835.25,1
266,412,125.887,34.636,23.074,214657.109,3837030.5,1
266,413,125.887,34.664,22.971,214755.906,3840225.75,1
266,414,125.887,34.693,22.982,214854.766,3843421,1
266,415,125.887,34.722,22.981,214953.703,3846616.5,1
266,416,125.887,34.751,22.964,215052.375,3849800.75,1
266,417,125.887,34.779,22.891,215151.453,3852996,1
266,418,125.887,34.808,22.811,215250.266,3856180.25,1
266,419,125.887,34.837,22.773,215349.156,3859364.5,1
266,420,125.887,34.866,22.979,215448.453,3862560,1
266,421,125.887,34.894,23.207,215547.484,3865744.25,1
266,422,125.887,34.923,23.461,215646.578,3868928.5,1
266,423,125.887,34.952,23.668,215745.391,3872101.75,1
266,424,125.887,34.98,23.819,215844.641,3875286,1
266,425,125.887,35.009,23.915,215943.953,3878470.5,1
266,426,125.887,35.038,23.952,216042.984,3881643.75,1
266,427,125.887,35.066,24.092,216142.438,3884828,1
266,428,125.887,35.095,24.151,216241.609,3888001.25,1
266,429,125.887,35.124,24.284,216341.219,3891185.75,1
266,430,125.887,35.152,24.581,216440.531,3894359,1
266,431,125.887,35.181,25.05,216539.922,3897532.25,1
266,494,125.887,36.963,24.116,222870.172,4095241.25,1
266,495,125.887,36.991,24.236,222971.812,4098348.75,1
266,496,125.887,37.018,24.25,223073.156,4101445,1
266,497,125.887,37.046,24.203,223174.562,4104541.25,1
266,498,125.887,37.074,24.14,223276.406,4107648.75,1
266,499,125.887,37.102,24.081,223377.953,4110745.25,1
266,500,125.887,37.13,24.021,223479.547,4113841.5,1
266,501,125.887,37.158,23.941,223581.219,4116937.75,1
266,502,125.887,37.186,23.852,223682.969,4120034.25,1
266,503,125.887,37.214,23.79,223784.406,4123119.5,1
266,504,125.887,37.242,23.756,223886.281,4126216,1
267,396,125.919,34.174,23.623,216033.203,3785695.25,1
267,397,125.919,34.203,23.763,216130.5,3788912.5,1
267,398,125.919,34.231,23.849,216227.531,3792118.75,1
267,400,125.919,34.289,23.936,216421.828,3798531.25,1
267,401,125.919,34.318,23.833,216519.078,3801737.5,1
267,402,125.919,34.347,23.679,216616.406,3804943.75,1
267,403,125.919,34.376,23.568,216713.797,3808150,1
267,404,125.919,34.405,23.46,216811.266,3811356.25,1
267,405,125.919,34.434,23.365,216908.812,3814562.5,1
267,406,125.919,34.463,23.283,217006.078,3817757.75,1
267,407,125.919,34.492,23.222,217103.766,3820964,1
267,408,125.919,34.52,23.189,217201.188,3824159.25,1
267,409,125.919,34.549,23.176,217298.672,3827354.5,1
267,410,125.919,34.578,23.157,217396.234,3830549.75,1
267,411,125.919,34.607,23.131,217493.875,3833745,1
267,412,125.919,34.636,23.102,217591.578,3836940.25,1
267,413,125.919,34.664,23.116,217689.359,3840135.5,1
267,418,125.919,34.808,22.948,218178.625,3856089.75,1
267,419,125.919,34.837,22.871,218276.484,3859274,1
267,420,125.919,34.866,23.111,218374.766,3862469.5,1
267,421,125.919,34.894,23.41,218472.766,3865653.75,1
267,422,125.919,34.923,23.694,218570.844,3868838,1
267,423,125.919,34.952,23.92,218668.641,3872011,1
267,424,125.919,34.98,24.161,218766.859,3875195.5,1
267,425,125.919,35.009,24.313,218865.156,3878379.75,1
267,426,125.919,35.038,24.127,218963.172,3881553,1
267,427,125.919,35.066,24.226,219061.594,3884737.25,1
267,428,125.919,35.095,24.641,219159.75,3887910.5,1
267,429,125.919,35.124,24.821,219258.312,3891094.75,1
267,430,125.919,35.152,24.91,219356.609,3894268,1
267,431,125.919,35.181,25.357,219454.984,3897441.5,1
267,432,125.919,35.209,25.55,219553.422,3900614.75,1
267,433,125.919,35.238,25.578,219651.922,3903788,1
267,487,125.919,36.766,23.375,225017.656,4073397.25,1
267,488,125.919,36.795,23.098,225118.141,4076515.75,1
267,489,125.919,36.823,22.938,225218.344,4079623,1
267,490,125.919,36.851,22.926,225318.609,4082730.25,1
267,491,125.919,36.879,23.063,225418.938,4085837.75,1
267,492,125.919,36.907,23.303,225519.328,4088945,1
267,493,125.919,36.935,23.564,225619.438,4092041.25,1
267,494,125.919,36.963,23.77,225719.969,4095148.75,1
267,495,125.919,36.991,23.888,225820.562,4098256,1
267,496,125.919,37.018,23.928,225920.859,4101352.25,1
267,497,125.919,37.046,23.929,226021.219,4104448.5,1
267,498,125.919,37.074,23.918,226122.016,4107556,1
267,499,125.919,37.102,23.902,226222.5,4110652.25,1
267,500,125.919,37.13,23.906,226323.062,4113748.75,1
267,501,125.919,37.158,23.913,226423.688,4116845,1
267,502,125.919,37.186,23.829,226524.375,4119941.25,1
267,503,125.919,37.214,23.765,226624.766,4123026.5,1
267,504,125.919,37.242,23.754,226725.594,4126123,1
267,505,125.919,37.269,23.696,226826.109,4129208.25,1
268,396,125.951,34.174,23.63,218974.656,3785606.75,1
268,397,125.951,34.203,23.916,219070.938,3788824,1
268,398,125.951,34.231,23.993,219166.969,3792030.25,1
268,399,125.951,34.26,23.913,219263.062,3795236.5,1
268,400,125.951,34.289,23.915,219359.234,3798442.75,1
268,401,125.951,34.318,23.824,219455.484,3801648.75,1
268,402,125.951,34.347,23.737,219551.797,3804855,1
268,403,125.951,34.376,23.662,219648.188,3808061.25,1
268,404,125.951,34.405,23.549,219744.641,3811267.5,1
268,405,125.951,34.434,23.428,219841.172,3814473.75,1
268,406,125.951,34.463,23.299,219937.438,3817669,1
268,407,125.951,34.492,23.208,220034.109,3820875.25,1
268,408,125.951,34.52,23.176,220130.516,3824070.25,1
268,409,125.951,34.549,23.173,220226.984,3827265.5,1
268,410,125.951,34.578,23.172,220323.531,3830460.75,1
268,411,125.951,34.607,23.167,220420.156,3833656,1
268,412,125.951,34.636,23.158,220516.844,3836851.25,1
268,413,125.951,34.664,23.161,220613.609,3840046.5,1
268,418,125.951,34.808,23.005,221097.797,3856000.5,1
268,419,125.951,34.837,22.927,221194.641,3859184.75,1
268,420,125.951,34.866,23.06,221291.891,3862380,1
268,421,125.951,34.894,23.32,221388.891,3865564.25,1
268,422,125.951,34.923,23.574,221485.938,3868748.5,1
268,423,125.951,34.952,23.734,221582.734,3871921.75,1
268,424,125.951,34.98,24.003,221679.922,3875106,1
268,425,125.951,35.009,24.53,221777.188,3878290.25,1
268,426,125.951,35.038,24.63,221874.188,3881463.5,1
268,427,125.951,35.066,24.089,221971.594,3884647.75,1
268,428,125.951,35.095,24.944,222068.734,3887821,1
268,429,125.951,35.124,25.356,222166.281,3891005.25,1
268,430,125.951,35.152,25.313,222263.547,3894178.5,1
268,431,125.951,35.181,25.591,222360.906,3897351.75,1
268,432,125.951,35.209,25.743,222458.312,3900525,1
268,433,125.951,35.238,25.703,222555.797,3903698.25,1
268,434,125.951,35.266,25.487,222653,3906860.5,1
268,482,125.951,36.626,24.503,227370.266,4057736.5,1
268,483,125.951,36.654,24.445,227469.375,4060855,1
268,484,125.951,36.682,24.301,227568.562,4063973.25,1
268,485,125.951,36.71,24.045,227667.469,4067080.5,1
268,486,125.951,36.738,23.707,227766.781,4070198.75,1
268,487,125.951,36.766,23.358,227865.812,4073306,1
268,488,125.951,36.795,23.072,227965.25,4076424.5,1
268,489,125.951,36.823,22.891,228064.406,4079531.75,1
268,490,125.951,36.851,22.842,228163.641,4082639,1
268,491,125.951,36.879,22.924,228262.922,4085746.25,1
268,492,125.951,36.907,23.096,228362.281,4088853.75,1
268,493,125.951,36.935,23.295,228461.344,4091949.75,1
268,494,125.951,36.963,23.465,228560.828,4095057.25,1
268,495,125.951,36.991,23.575,228660.375,4098164.5,1
268,496,125.951,37.018,23.63,228759.641,4101260.75,1
268,497,125.951,37.046,23.658,228858.953,4104357,1
268,498,125.951,37.074,23.671,228958.703,4107464.5,1
268,499,125.951,37.102,23.665,229058.156,4110560.75,1
268,500,125.951,37.13,23.713,229157.672,4113657,1
268,501,125.951,37.158,23.86,229257.25,4116753.25,1
268,502,125.951,37.186,23.821,229356.891,4119849.75,1
268,503,125.951,37.214,23.732,229456.234,4122935,1
268,504,125.951,37.242,23.736,229556.016,4126031.25,1
268,505,125.951,37.269,23.718,229655.5,4129116.5,1
268,506,125.951,37.297,23.701,229755.391,4132212.75,1
268,507,125.951,37.325,23.703,229855,4135298,1
268,524,125.951,37.797,24.451,231554.422,4187638.5,1
268,525,125.951,37.824,24.495,231654.453,4190701.75,1
269,396,125.983,34.174,23.929,221925.297,3785519,1
269,397,125.983,34.203,23.937,222020.562,3788736.25,1
269,398,125.983,34.231,23.888,222115.594,3791942.5,1
269,399,125.983,34.26,23.902,222210.672,3795148.5,1
269,400,125.983,34.289,23.875,222305.828,3798354.75,1
269,401,125.983,34.318,23.819,222401.062,3801560.75,1
269,402,125.983,34.347,23.785,222496.359,3804767,1
269,403,125.983,34.376,23.744,222591.734,3807973.25,1
269,404,125.983,34.405,23.67,222687.172,3811179.5,1
269,405,125.983,34.434,23.561,222782.688,3814385.5,1
269,406,125.983,34.463,23.394,222877.938,3817580.75,1
269,407,125.983,34.492,23.236,222973.594,3820787,1
269,408,125.983,34.52,23.178,223068.984,3823982,1
269,409,125.983,34.549,23.189,223164.453,3827177.25,1
269,410,125.983,34.578,23.216,223259.984,3830372.5,1
269,411,125.983,34.607,23.204,223355.578,3833567.75,1
269,412,125.983,34.636,23.183,223451.25,3836762.75,1
269,413,125.983,34.664,23.103,223547,3839958,1
269,414,125.983,34.693,23.102,223642.812,3843153.25,1
269,417,125.983,34.779,23.028,223930.328,3852727.75,1
269,418,125.983,34.808,23.135,224026.094,3855912,1
269,419,125.983,34.837,23.231,224121.922,3859096.25,1
269,421,125.983,34.894,23.056,224314.109,3865475.75,1
269,422,125.983,34.923,23.395,224410.156,3868660,1
269,423,125.983,34.952,23.585,224505.922,3871833,1
269,424,125.983,34.98,23.619,224602.094,3875017.25,1
269,425,125.983,35.009,24.148,224698.344,3878201.5,1
269,426,125.983,35.038,24.797,224794.312,3881374.5,1
269,427,125.983,35.066,23.896,224890.688,3884559,1
269,428,125.983,35.095,24.848,224986.812,3887732,1
269,429,125.983,35.124,25.583,225083.328,3890916.25,1
269,430,125.983,35.152,25.664,225179.578,3894089.5,1
269,431,125.983,35.181,25.764,225275.891,3897262.75,1
269,432,125.983,35.209,25.843,225372.281,3900436,1
269,433,125.983,35.238,25.748,225468.734,3903609.25,1
269,434,125.983,35.266,25.523,225564.938,3906771.25,1
269,435,125.983,35.295,25.337,225661.531,3909944.5,1
269,436,125.983,35.324,25.241,225757.844,3913106.75,1
269,479,125.983,36.542,24.39,229939.047,4048302.5,1
269,480,125.983,36.57,24.412,230036.922,4051420.75,1
269,481,125.983,36.598,24.432,230134.875,4054539,1
269,482,125.983,36.626,24.436,230232.531,4057646,1
269,483,125.983,36.654,24.387,230330.609,4060764.5,1
269,484,125.983,36.682,24.249,230428.75,4063882.75,1
269,485,125.983,36.71,23.998,230526.609,4066990,1
269,486,125.983,36.738,23.671,230624.875,4070108.25,1
269,487,125.983,36.766,23.345,230722.859,4073215.5,1
269,488,125.983,36.795,23.077,230821.266,4076333.75,1
269,489,125.983,36.823,22.893,230919.391,4079441,1
269,490,125.983,36.851,22.813,231017.562,4082548.25,1
269,491,125.983,36.879,22.853,231115.812,4085655.5,1
269,492,125.983,36.907,22.971,231214.109,4088763,1
269,493,125.983,36.935,23.116,231312.141,4091859,1
269,494,125.983,36.963,23.246,231410.578,4094966.5,1
269,495,125.983,36.991,23.339,231509.078,4098073.75,1
269,496,125.983,37.018,23.396,231607.281,4101170,1
269,497,125.983,37.046,23.438,231705.562,4104266.25,1
269,498,125.983,37.074,23.474,231804.266,4107373.5,1
269,499,125.983,37.102,23.497,231902.656,4110469.75,1
269,500,125.983,37.13,23.574,232001.125,4113566,1
269,501,125.983,37.158,23.737,232099.656,4116662.25,1
269,503,125.983,37.214,23.692,232296.562,4122843.75,1
269,504,125.983,37.242,23.715,232395.281,4125940.25,1
269,505,125.983,37.269,23.764,232493.719,4129025.5,1
269,506,125.983,37.297,23.752,232592.562,4132121.75,1
269,507,125.983,37.325,23.752,232691.125,4135207,1
269,508,125.983,37.353,23.788,232789.75,4138292.25,1
269,520,125.983,37.686,24.367,233976.328,4175260.75,1
269,521,125.983,37.714,24.36,234075.422,4178335,1
269,522,125.983,37.741,24.375,234174.562,4181409.25,1
269,523,125.983,37.769,24.368,234273.406,4184472.5,1
269,524,125.983,37.797,24.368,234372.672,4187546.75,1
269,525,125.983,37.824,24.419,234471.641,4190610,1
270,397,126.015,34.203,23.947,224970.172,3788649.25,1
270,398,126.015,34.231,23.907,225064.172,3791855.5,1
270,399,126.015,34.26,23.884,225158.25,3795061.5,1
270,405,126.015,34.434,23.59,225724.172,3814298.5,1
270,406,126.015,34.463,23.536,225818.422,3817493.5,1
270,407,126.015,34.492,23.497,225913.047,3820699.75,1
270,408,126.015,34.52,23.41,226007.422,3823894.75,1
270,409,126.015,34.549,23.379,226101.875,3827090,1
270,410,126.015,34.578,23.344,226196.391,3830285,1
270,412,126.015,34.636,23.245,226385.625,3836675.5,1
270,413,126.015,34.664,23.134,226480.359,3839870.5,1
270,414,126.015,34.693,23.048,226575.156,3843065.75,1
270,415,126.015,34.722,23.013,226670.016,3846261,1
270,416,126.015,34.751,23.003,226764.609,3849445,1
270,417,126.015,34.779,23.043,226859.609,3852640.25,1
270,418,126.015,34.808,23.159,226954.359,3855824.5,1
270,419,126.015,34.837,23.245,227049.156,3859008.5,1
270,423,126.015,34.952,23.683,227429.078,3871745.25,1
270,424,126.015,34.98,23.629,227524.234,3874929.5,1
270,425,126.015,35.009,23.965,227619.453,3878113.5,1
270,426,126.015,35.038,24.411,227714.406,3881286.75,1
270,427,126.015,35.066,24.14,227809.766,3884471,1
270,429,126.015,35.124,25.599,228000.344,3890828.25,1
270,430,126.015,35.152,25.816,228095.562,3894001.5,1
270,431,126.015,35.181,25.857,228190.859,3897174.75,1
270,432,126.015,35.209,25.844,228286.234,3900348,1
270,433,126.015,35.238,25.73,228381.656,3903521,1
270,434,126.015,35.266,25.546,228476.828,3906683.25,1
270,435,126.015,35.295,25.323,228572.391,3909856.5,1
270,436,126.015,35.324,25.252,228667.688,3913018.5,1
270,438,126.015,35.381,24.876,228858.828,3919354,1
270,477,126.015,36.486,24.19,232610.578,4041965.5,1
270,478,126.015,36.514,24.258,232707.297,4045083.75,1
270,479,126.015,36.542,24.319,232804.422,4048213,1
270,480,126.015,36.57,24.379,232901.25,4051331.25,1
270,481,126.015,36.598,24.425,232998.156,4054449.5,1
270,482,126.015,36.626,24.422,233094.781,4057556.5,1
270,483,126.015,36.654,24.352,233191.812,4060674.75,1
270,484,126.015,36.682,24.198,233288.922,4063793.25,1
270,485,126.015,36.71,23.939,233385.734,4066900.25,1
270,486,126.015,36.738,23.614,233482.953,4070018.5,1
270,487,126.015,36.766,23.315,233579.906,4073125.75,1
270,488,126.015,36.795,23.091,233677.266,4076244.25,1
270,489,126.015,36.823,22.937,233774.328,4079351.25,1
270,490,126.015,36.851,22.838,233871.469,4082458.5,1
270,491,126.015,36.879,22.844,233968.656,4085565.75,1
270,492,126.015,36.907,22.932,234065.922,4088673,1
270,493,126.015,36.935,23.039,234162.906,4091769.25,1
270,494,126.015,36.963,23.134,234260.297,4094876.5,1
270,495,126.015,36.991,23.198,234357.75,4097983.75,1
270,496,126.015,37.018,23.241,234454.922,4101080,1
270,497,126.015,37.046,23.287,234552.156,4104176.25,1
270,498,126.015,37.074,23.365,234649.797,4107283.5,1
270,499,126.015,37.102,23.46,234747.156,4110379.75,1
270,500,126.015,37.13,23.544,234844.578,4113476,1
270,501,126.015,37.158,23.648,234942.062,4116572.25,1
270,502,126.015,37.186,23.692,235039.609,4119668.75,1
270,503,126.015,37.214,23.643,235136.859,4122753.75,1
270,504,126.015,37.242,23.781,235234.531,4125850,1
270,505,126.015,37.269,23.862,235331.922,4128935.25,1
270,506,126.015,37.297,23.753,235429.719,4132031.75,1
270,507,126.015,37.325,23.823,235527.234,4135116.75,1
270,508,126.015,37.353,23.846,235624.812,4138202,1
270,509,126.015,37.381,23.901,235722.438,4141287.25,1
270,516,126.015,37.575,24.23,236406.922,4162862.25,1
270,517,126.015,37.603,24.249,236505.062,4165947.5,1
270,518,126.015,37.631,24.263,236602.906,4169021.75,1
270,519,126.015,37.658,24.269,236700.812,4172096,1
270,520,126.015,37.686,24.275,236798.766,4175170.25,1
270,521,126.015,37.714,24.29,236896.797,4178244.5,1
270,522,126.015,37.741,24.33,236994.891,4181318.75,1
270,523,126.015,37.769,24.341,237092.688,4184382,1
270,524,126.015,37.797,24.315,237190.891,4187456.25,1
270,525,126.015,37.824,24.349,237288.812,4190519.5,1
271,405,126.047,34.434,23.553,228656.438,3814212.5,1
271,406,126.047,34.463,23.498,228749.672,3817407.5,1
271,407,126.047,34.492,23.404,228843.297,3820613.75,1
271,408,126.047,34.52,23.429,228936.656,3823808.75,1
271,409,126.047,34.549,23.617,229030.094,3827003.75,1
271,412,126.047,34.636,23.263,229310.812,3836589.25,1
271,413,126.047,34.664,23.233,229404.516,3839784.25,1
271,414,126.047,34.693,23.167,229498.297,3842979.5,1
271,415,126.047,34.722,23.142,229592.141,3846174.5,1
271,416,126.047,34.751,23.158,229685.734,3849358.75,1
271,417,126.047,34.779,23.2,229779.719,3852554,1
271,418,126.047,34.808,23.282,229873.438,3855738,1
271,419,126.047,34.837,23.322,229967.234,3858922,1
271,423,126.047,34.952,23.701,230343.078,3871658.75,1
271,424,126.047,34.98,23.704,230437.203,3874842.75,1
271,425,126.047,35.009,24.129,230531.406,3878027,1
271,426,126.047,35.038,24.422,230625.344,3881200,1
271,429,126.047,35.124,25.658,230908.219,3890741.5,1
271,430,126.047,35.152,25.819,231002.422,3893914.75,1
271,431,126.047,35.181,25.853,231096.703,3897088,1
271,432,126.047,35.209,25.761,231191.031,3900261,1
271,433,126.047,35.238,25.635,231285.453,3903434.25,1
271,434,126.047,35.266,25.55,231379.594,3906596.25,1
271,435,126.047,35.295,25.288,231474.141,3909769.5,1
271,436,126.047,35.324,25.13,231568.406,3912931.5,1
271,437,126.047,35.352,25.109,231663.094,3916104.75,1
271,438,126.047,35.381,24.82,231757.5,3919267,1
271,439,126.047,35.409,24.624,231852.312,3922440.25,1
271,440,126.047,35.438,24.604,231946.859,3925602.25,1
271,441,126.047,35.466,24.627,232041.469,3928764.5,1
271,474,126.047,36.401,23.977,235182.062,4032511.75,1
271,475,126.047,36.429,23.992,235277.547,4035629.75,1
271,476,126.047,36.458,24.058,235373.438,4038759,1
271,477,126.047,36.486,24.146,235469.047,4041877.25,1
271,478,126.047,36.514,24.237,235564.734,4044995.5,1
271,479,126.047,36.542,24.336,235660.812,4048124.75,1
271,480,126.047,36.57,24.432,235756.609,4051243,1
271,481,126.047,36.598,24.474,235852.484,4054361.25,1
271,482,126.047,36.626,24.419,235948.062,4057468.25,1
271,483,126.047,36.654,24.307,236044.062,4060586.5,1
271,484,126.047,36.682,24.14,236140.125,4063704.75,1
271,485,126.047,36.71,23.879,236235.891,4066812,1
271,486,126.047,36.738,23.548,236332.078,4069930.25,1
271,487,126.047,36.766,23.258,236427.984,4073037.5,1
271,488,126.047,36.795,23.087,236524.297,4076155.75,1
271,489,126.047,36.823,22.999,236620.328,4079263,1
271,490,126.047,36.851,22.907,236716.422,4082370,1
271,491,126.047,36.879,22.875,236812.578,4085477.25,1
271,492,126.047,36.907,22.949,236908.797,4088584.5,1
271,493,126.047,36.935,23.034,237004.75,4091680.75,1
271,494,126.047,36.963,23.105,237101.094,4094788,1
271,495,126.047,36.991,23.144,237197.5,4097895.25,1
271,496,126.047,37.018,23.165,237293.625,4100991.5,1
271,497,126.047,37.046,23.198,237389.812,4104087.75,1
271,498,126.047,37.074,23.288,237486.422,4107195,1
271,499,126.047,37.102,23.443,237582.734,4110291.25,1
271,500,126.047,37.13,23.458,237679.109,4113387.25,1
271,501,126.047,37.158,23.475,237775.547,4116483.5,1
271,502,126.047,37.186,23.514,237872.047,4119579.75,1
271,503,126.047,37.214,23.693,237968.266,4122665,1
271,504,126.047,37.242,23.954,238064.891,4125761.25,1
271,505,126.047,37.269,23.991,238161.234,4128846.5,1
271,506,126.047,37.297,23.687,238257.984,4131942.75,1
271,507,126.047,37.325,23.843,238354.453,4135028,1
271,508,126.047,37.353,23.914,238450.984,4138113.25,1
271,509,126.047,37.381,23.959,238547.562,4141198.5,1
271,510,126.047,37.409,24.016,238644.562,4144294.75,1
271,512,126.047,37.464,24.14,238837.703,4150454,1
271,513,126.047,37.492,24.181,238934.547,4153539.5,1
271,514,126.047,37.52,24.202,239031.094,4156613.5,1
271,515,126.047,37.547,24.207,239128.047,4159698.75,1
271,516,126.047,37.575,24.208,239224.719,4162773,1
271,517,126.047,37.603,24.209,239321.797,4165858.25,1
271,518,126.047,37.631,24.211,239418.594,4168932.5,1
271,519,126.047,37.658,24.214,239515.453,4172006.75,1
271,520,126.047,37.686,24.229,239612.375,4175081,1
271,521,126.047,37.714,24.262,239709.344,4178155.25,1
271,522,126.047,37.741,24.312,239806.375,4181229.5,1
271,523,126.047,37.769,24.341,239903.125,4184292.75,1
271,524,126.047,37.797,24.321,240000.297,4187367,1
271,525,126.047,37.824,24.262,240097.156,4190430.25,1
272,405,126.079,34.434,23.739,231597.875,3814127,1
272,406,126.079,34.463,23.669,231690.078,3817322.25,1
272,407,126.079,34.492,23.518,231782.688,3820528.25,1
272,408,126.079,34.52,23.431,231875.047,3823723.25,1
272,411,126.079,34.607,23.299,232152.5,3833308.5,1
272,412,126.079,34.636,23.276,232245.125,3836503.5,1
272,413,126.079,34.664,23.264,232337.812,3839698.75,1
272,414,126.079,34.693,23.232,232430.578,3842893.75,1
272,415,126.079,34.722,23.202,232523.406,3846089,1
272,416,126.079,34.751,23.197,232615.969,3849273,1
272,421,126.079,34.894,23.543,233080.484,3865215.5,1
272,422,126.079,34.923,23.635,233173.453,3868399.75,1
272,423,126.079,34.952,23.673,233266.172,3871572.75,1
272,424,126.079,34.98,23.718,233359.281,3874756.75,1
272,425,126.079,35.009,24.231,233452.453,3877941,1
272,426,126.079,35.038,24.55,233545.375,3881114,1
272,429,126.079,35.124,25.628,233825.172,3890655.5,1
272,430,126.079,35.152,25.761,233918.359,3893828.5,1
272,431,126.079,35.181,25.786,234011.609,3897001.75,1
272,432,126.079,35.209,25.661,234104.922,3900174.75,1
272,433,126.079,35.238,25.506,234198.312,3903348,1
272,434,126.079,35.266,25.49,234291.438,3906510,1
272,435,126.079,35.295,25.301,234384.938,3909683.25,1
272,436,126.079,35.324,25.049,234478.203,3912845.25,1
272,437,126.079,35.352,24.925,234571.844,3916018.5,1
272,438,126.079,35.381,24.754,234665.234,3919180.5,1
272,439,126.079,35.409,24.676,234759.016,3922353.75,1
272,440,126.079,35.438,24.673,234852.531,3925516,1
272,441,126.079,35.466,24.685,234946.109,3928678,1
272,442,126.079,35.495,24.669,235039.766,3931840.25,1
272,443,126.079,35.523,24.632,235133.469,3935002.25,1
272,471,126.079,36.317,24.08,237768.625,4023036.75,1
272,472,126.079,36.345,23.968,237863.219,4026166,1
272,473,126.079,36.373,23.909,237957.875,4029295,1
272,474,126.079,36.401,23.889,238052.594,4032424.25,1
272,475,126.079,36.429,23.933,238147.047,4035542.5,1
272,476,126.079,36.458,24.028,238241.891,4038671.75,1
272,477,126.079,36.486,24.145,238336.453,4041789.75,1
272,478,126.079,36.514,24.27,238431.094,4044908,1
272,479,126.079,36.542,24.4,238526.125,4048037.25,1
272,480,126.079,36.57,24.507,238620.891,4051155.5,1
272,481,126.079,36.598,24.502,238715.719,4054273.5,1
272,482,126.079,36.626,24.348,238810.266,4057380.75,1
272,483,126.079,36.654,24.172,238905.219,4060499,1
272,484,126.079,36.682,24.008,239000.234,4063617.25,1
272,485,126.079,36.71,23.781,239094.969,4066724.25,1
272,486,126.079,36.738,23.464,239190.109,4069842.5,1
272,487,126.079,36.766,23.183,239284.984,4072949.75,1
272,488,126.079,36.795,23.06,239380.234,4076068,1
272,489,126.079,36.823,23.043,239475.234,4079175,1
272,490,126.079,36.851,22.99,239570.281,4082282.25,1
272,491,126.079,36.879,22.933,239665.391,4085389.5,1
272,492,126.079,36.907,22.993,239760.562,4088496.75,1
272,493,126.079,36.935,23.062,239855.469,4091592.75,1
272,494,126.079,36.963,23.107,239950.766,4094700,1
272,495,126.079,36.991,23.132,240046.125,4097807.25,1
272,496,126.079,37.018,23.144,240141.219,4100903.5,1
272,497,126.079,37.046,23.171,240236.359,4103999.75,1
272,498,126.079,37.074,23.217,240331.906,4107107,1
272,500,126.079,37.13,23.393,240522.5,4113299.25,1
272,501,126.079,37.158,23.514,240617.891,4116395.5,1
272,502,126.079,37.186,23.57,240713.344,4119491.75,1
272,503,126.079,37.214,23.78,240808.516,4122577,1
272,504,126.079,37.242,24.096,240904.094,4125673,1
272,505,126.079,37.269,24.087,240999.391,4128758.25,1
272,506,126.079,37.297,23.72,241095.094,4131854.5,1
272,507,126.079,37.325,23.829,241190.516,4134939.75,1
272,508,126.079,37.353,23.959,241285.984,4138025,1
272,509,126.079,37.381,24.026,241381.531,4141110,1
272,510,126.079,37.409,24.077,241477.484,4144206.5,1
272,511,126.079,37.436,24.125,241572.797,4147280.5,1
272,512,126.079,37.464,24.166,241668.516,4150365.75,1
272,513,126.079,37.492,24.195,241764.297,4153451,1
272,514,126.079,37.52,24.21,241859.797,4156525.25,1
272,515,126.079,37.547,24.212,241955.703,4159610.5,1
272,516,126.079,37.575,24.206,242051.328,4162684.5,1
272,517,126.079,37.603,24.199,242147.359,4165770,1
272,518,126.079,37.631,24.197,242243.094,4168844,1
272,519,126.079,37.658,24.205,242338.906,4171918.25,1
272,520,126.079,37.686,24.222,242434.766,4174992.5,1
272,521,126.079,37.714,24.264,242530.688,4178066.75,1
272,522,126.079,37.741,24.309,242626.672,4181141,1
272,523,126.079,37.769,24.338,242722.359,4184204.25,1
273,406,126.111,34.463,23.812,234630.469,3817237.75,1
273,407,126.111,34.492,23.692,234722.062,3820443.75,1
273,408,126.111,34.52,23.572,234813.391,3823638.75,1
273,409,126.111,34.549,23.392,234904.797,3826833.75,1
273,410,126.111,34.578,23.379,234996.266,3830029,1
273,411,126.111,34.607,23.34,235087.812,3833224,1
273,412,126.111,34.636,23.288,235179.406,3836419,1
273,413,126.111,34.664,23.284,235271.078,3839614,1
273,414,126.111,34.693,23.276,235362.828,3842809.25,1
273,421,126.111,34.894,23.709,236005.594,3865130.75,1
273,422,126.111,34.923,23.752,236097.547,3868314.75,1
273,423,126.111,34.952,23.727,236189.25,3871487.75,1
273,424,126.111,34.98,23.801,236281.328,3874671.75,1
273,425,126.111,35.009,24.283,236373.484,3877856,1
273,426,126.111,35.038,24.685,236465.375,3881029,1
273,427,126.111,35.066,24.92,236557.656,3884213.25,1
273,428,126.111,35.095,25.269,236649.688,3887386.25,1
273,429,126.111,35.124,25.552,236742.109,3890570.25,1
273,430,126.111,35.152,25.683,236834.266,3893743.5,1
273,431,126.111,35.181,25.705,236926.5,3896916.5,1
273,432,126.111,35.209,25.605,237018.781,3900089.5,1
273,433,126.111,35.238,25.467,237111.141,3903262.75,1
273,434,126.111,35.266,25.391,237203.234,3906424.75,1
273,435,126.111,35.295,25.284,237295.734,3909597.75,1
273,436,126.111,35.324,25.103,237387.953,3912760,1
273,437,126.111,35.352,24.838,237480.578,3915933,1
273,438,126.111,35.381,24.762,237572.938,3919095.25,1
273,439,126.111,35.409,24.732,237665.688,3922268.25,1
273,440,126.111,35.438,24.75,237758.172,3925430.5,1
273,441,126.111,35.466,24.765,237850.734,3928592.5,1
273,442,126.111,35.495,24.757,237943.359,3931754.5,1
273,443,126.111,35.523,24.719,238036.031,3934916.75,1
273,444,126.111,35.552,24.674,238128.469,3938067.75,1
273,445,126.111,35.58,24.695,238221.281,3941230,1
273,446,126.111,35.609,24.776,238313.828,3944381,1
273,468,126.111,36.232,24.716,240361.969,4013563,1
273,469,126.111,36.26,24.541,240455.328,4016692,1
273,470,126.111,36.289,24.31,240548.75,4019821.25,1
273,471,126.111,36.317,24.069,240642.25,4022950.25,1
273,472,126.111,36.345,23.918,240735.797,4026079.5,1
273,473,126.111,36.373,23.852,240829.422,4029208.75,1
273,474,126.111,36.401,23.85,240923.094,4032338,1
273,475,126.111,36.429,23.912,241016.5,4035456,1
273,476,126.111,36.458,24.024,241110.312,4038585.25,1
273,477,126.111,36.486,24.157,241203.844,4041703.25,1
273,478,126.111,36.514,24.3,241297.438,4044821.5,1
273,479,126.111,36.542,24.445,241391.438,4047950.75,1
273,480,126.111,36.57,24.544,241485.156,4051068.75,1
273,481,126.111,36.598,24.463,241578.938,4054187,1
273,482,126.111,36.626,24.133,241672.453,4057294,1
273,483,126.111,36.654,23.81,241766.359,4060412.25,1
273,484,126.111,36.682,23.668,241860.328,4063530.5,1
273,485,126.111,36.71,23.536,241954.031,4066637.5,1
273,486,126.111,36.738,23.338,242048.125,4069755.75,1
273,487,126.111,36.766,23.142,242141.938,4072863,1
273,488,126.111,36.795,23.039,242236.156,4075981.25,1
273,489,126.111,36.823,23.034,242330.109,4079088.25,1
273,490,126.111,36.851,23.018,242424.109,4082195.5,1
273,491,126.111,36.879,23.005,242518.188,4085302.75,1
273,492,126.111,36.907,23.058,242612.312,4088409.75,1
273,493,126.111,36.935,23.09,242706.172,4091506,1
273,494,126.111,36.963,23.09,242800.422,4094613.25,1
273,495,126.111,36.991,23.125,242894.734,4097720.25,1
273,496,126.111,37.018,23.14,242988.781,4100816.5,1
273,497,126.111,37.046,23.169,243082.875,4103912.5,1
273,498,126.111,37.074,23.215,243177.375,4107020,1
273,499,126.111,37.102,23.251,243271.594,4110116,1
273,500,126.111,37.13,23.3,243365.875,4113212.25,1
273,501,126.111,37.158,23.491,243460.219,4116308.5,1
273,502,126.111,37.186,23.655,243554.625,4119404.5,1
273,503,126.111,37.214,23.665,243648.75,4122489.75,1
273,505,126.111,37.269,24.149,243837.531,4128671,1
273,506,126.111,37.297,23.916,243932.188,4131767.25,1
273,507,126.111,37.325,23.894,244026.547,4134852.5,1
273,508,126.111,37.353,24.014,244120.984,4137937.75,1
273,509,126.111,37.381,24.1,244215.469,4141022.75,1
273,510,126.111,37.409,24.155,244310.359,4144119,1
273,511,126.111,37.436,24.193,244404.641,4147193.25,1
273,512,126.111,37.464,24.22,244499.312,4150278.5,1
273,513,126.111,37.492,24.238,244594.047,4153363.5,1
273,514,126.111,37.52,24.247,244688.484,4156437.75,1
273,515,126.111,37.547,24.244,244783.344,4159523,1
273,516,126.111,37.575,24.233,244877.906,4162597.25,1
273,517,126.111,37.603,24.221,244972.891,4165682.5,1
273,518,126.111,37.631,24.216,245067.578,4168756.5,1
273,519,126.111,37.658,24.225,245162.328,4171830.75,1
273,520,126.111,37.686,24.235,245257.141,4174905,1
273,521,126.111,37.714,24.286,245352.016,4177979.25,1
273,522,126.111,37.741,24.309,245446.938,4181053.5,1
274,407,126.143,34.492,23.812,237652.203,3820360.5,1
274,408,126.143,34.52,23.735,237742.531,3823555.5,1
274,409,126.143,34.549,23.606,237832.922,3826750.5,1
274,410,126.143,34.578,23.5,237923.391,3829945.5,1
274,411,126.143,34.607,23.445,238013.906,3833140.5,1
274,412,126.143,34.636,23.298,238104.5,3836335.5,1
274,421,126.143,34.894,23.718,238921.531,3865047,1
274,422,126.143,34.923,23.737,239012.469,3868231,1
274,425,126.143,35.009,24.223,239285.359,3877772,1
274,426,126.143,35.038,24.812,239376.234,3880945,1
274,427,126.143,35.066,24.111,239467.5,3884129.25,1
274,428,126.143,35.095,25.081,239558.5,3887302.25,1
274,429,126.143,35.124,25.511,239649.891,3890486.5,1
274,430,126.143,35.152,25.629,239741.031,3893659.5,1
274,431,126.143,35.181,25.646,239832.234,3896832.5,1
274,432,126.143,35.209,25.601,239923.516,3900005.5,1
274,433,126.143,35.238,25.513,240014.844,3903178.75,1
274,434,126.143,35.266,25.425,240105.922,3906340.5,1
274,436,126.143,35.324,25.272,240288.594,3912675.75,1
274,437,126.143,35.352,24.968,240380.188,3915848.75,1
274,438,126.143,35.381,24.818,240471.531,3919011,1
274,439,126.143,35.409,24.804,240563.25,3922184,1
274,440,126.143,35.438,24.839,240654.719,3925346,1
274,441,126.143,35.466,24.874,240746.25,3928508.25,1
274,442,126.143,35.495,24.876,240837.844,3931670.25,1
274,443,126.143,35.523,24.825,240929.5,3934832.25,1
274,444,126.143,35.552,24.761,241020.906,3937983.5,1
274,445,126.143,35.58,24.815,241112.688,3941145.5,1
274,446,126.143,35.609,24.932,241204.219,3944296.5,1
274,447,126.143,35.637,24.919,241296.141,3947458.75,1
274,448,126.143,35.666,24.84,241387.797,3950609.75,1
274,449,126.143,35.694,24.899,241479.844,3953772,1
274,450,126.143,35.722,24.931,241571.625,3956923,1
274,466,126.143,36.176,24.416,243044.875,4007208.75,1
274,467,126.143,36.204,24.45,243137.422,4010348.75,1
274,468,126.143,36.232,24.431,243229.688,4013478,1
274,469,126.143,36.26,24.315,243322.016,4016607,1
274,470,126.143,36.289,24.184,243414.406,4019736,1
274,471,126.143,36.317,24.053,243506.859,4022865.25,1
274,472,126.143,36.345,23.954,243599.375,4025994.25,1
274,473,126.143,36.373,23.907,243691.953,4029123.5,1
274,474,126.143,36.401,23.908,243784.594,4032252.75,1
274,475,126.143,36.429,23.956,243876.969,4035370.75,1
274,476,126.143,36.458,24.046,243969.75,4038500,1
274,477,126.143,36.486,24.163,244062.234,4041618,1
274,478,126.143,36.514,24.294,244154.797,4044736,1
274,479,126.143,36.542,24.43,244247.75,4047865.25,1
274,480,126.143,36.57,24.532,244340.438,4050983.5,1
274,481,126.143,36.598,24.54,244433.188,4054101.5,1
274,482,126.143,36.626,24.448,244525.656,4057208.75,1
274,483,126.143,36.654,24.36,244618.531,4060326.75,1
274,489,126.143,36.823,23.022,245176.031,4079002.75,1
274,490,126.143,36.851,23.003,245269,4082109.75,1
274,491,126.143,36.879,23.103,245362.031,4085217,1
274,492,126.143,36.907,23.187,245455.125,4088324.25,1
274,493,126.143,36.935,23.145,245547.938,4091420.25,1
274,494,126.143,36.963,23.056,245641.141,4094527.5,1
274,495,126.143,36.991,23.123,245734.422,4097634.5,1
274,496,126.143,37.018,23.139,245827.422,4100730.75,1
274,497,126.143,37.046,23.16,245920.469,4103826.75,1
274,498,126.143,37.074,23.175,246013.922,4106934,1
274,499,126.143,37.102,23.218,246107.109,4110030.25,1
274,500,126.143,37.13,23.364,246200.344,4113126.25,1
274,501,126.143,37.158,23.601,246293.641,4116222.5,1
274,502,126.143,37.186,23.735,246387.016,4119318.75,1
274,505,126.143,37.269,24.113,246666.781,4128585,1
274,506,126.143,37.297,24.084,246760.375,4131681.25,1
274,507,126.143,37.325,24.027,246853.703,4134766.5,1
274,508,126.143,37.353,24.099,246947.094,4137851.5,1
274,509,126.143,37.381,24.184,247040.531,4140936.75,1
274,510,126.143,37.409,24.242,247134.375,4144033,1
274,511,126.143,37.436,24.278,247227.609,4147107,1
274,512,126.143,37.464,24.3,247321.234,4150192.25,1
274,513,126.143,37.492,24.316,247414.906,4153277.5,1
274,514,126.143,37.52,24.323,247508.312,4156351.5,1
274,515,126.143,37.547,24.317,247602.125,4159436.75,1
274,516,126.143,37.575,24.3,247695.641,4162511,1
274,517,126.143,37.603,24.274,247789.562,4165596.25,1
274,518,126.143,37.631,24.263,247883.219,4168670.25,1
274,519,126.143,37.658,24.248,247976.906,4171744.5,1
274,521,126.143,37.714,24.308,248164.5,4177892.75,1
274,522,126.143,37.741,24.325,248258.375,4180967,1
275,408,126.175,34.52,23.764,240680.828,3823472.75,1
275,409,126.175,34.549,23.68,240770.203,3826667.75,1
275,410,126.175,34.578,23.62,240859.641,3829862.75,1
275,411,126.175,34.607,23.584,240949.156,3833057.75,1
275,412,126.175,34.636,23.492,241038.734,3836252.75,1
275,416,126.175,34.751,23.701,241397.375,3849021.75,1
275,417,126.175,34.779,23.721,241487.266,3852216.75,1
275,418,126.175,34.808,23.726,241576.922,3855400.75,1
275,419,126.175,34.837,23.712,241666.641,3858584.75,1
275,420,126.175,34.866,23.702,241756.734,3861780,1
275,421,126.175,34.894,23.732,241846.594,3864964,1
275,422,126.175,34.923,23.77,241936.5,3868148,1
275,423,126.175,34.952,23.769,242026.172,3871320.75,1
275,424,126.175,34.98,23.864,242116.219,3874505,1
275,425,126.175,35.009,24.346,242206.328,3877689,1
275,426,126.175,35.038,25.143,242296.188,3880862,1
275,427,126.175,35.066,24.471,242386.422,3884046,1
275,428,126.175,35.095,24.5,242476.406,3887219,1
275,429,126.175,35.124,25.365,242566.766,3890403,1
275,430,126.175,35.152,25.592,242656.891,3893576,1
275,431,126.175,35.181,25.607,242747.062,3896749.25,1
275,432,126.175,35.209,25.596,242837.312,3899922.25,1
275,433,126.175,35.238,25.548,242927.625,3903095.25,1
275,434,126.175,35.266,25.481,243017.672,3906257.25,1
275,435,126.175,35.295,25.391,243108.109,3909430.25,1
275,436,126.175,35.324,25.325,243198.297,3912592.25,1
275,437,126.175,35.352,25.115,243288.859,3915765.25,1
275,438,126.175,35.381,24.938,243379.172,3918927.25,1
275,439,126.175,35.409,24.907,243469.875,3922100.5,1
275,440,126.175,35.438,24.953,243560.312,3925262.5,1
275,441,126.175,35.466,25.015,243650.812,3928424.5,1
275,442,126.175,35.495,25.028,243741.375,3931586.5,1
275,443,126.175,35.523,24.94,243832.016,3934748.75,1
275,444,126.175,35.552,24.826,243922.391,3937899.75,1
275,445,126.175,35.58,24.922,244013.141,3941061.75,1
275,446,126.175,35.609,25.116,244103.641,3944212.75,1
275,447,126.175,35.637,25.07,244194.531,3947374.75,1
275,448,126.175,35.666,24.858,244285.156,3950526,1
275,449,126.175,35.694,24.935,244376.172,3953688,1
275,450,126.175,35.722,24.977,244466.922,3956839,1
275,451,126.175,35.751,25.037,244557.734,3959990.25,1
275,452,126.175,35.779,25.089,244648.609,3963141.25,1
275,453,126.175,35.807,25.126,244739.234,3966281.25,1
275,463,126.175,36.091,24.402,245649.859,3997715,1
275,464,126.175,36.119,24.389,245741.156,4000855.25,1
275,465,126.175,36.147,24.385,245832.531,4003995.25,1
275,466,126.175,36.176,24.373,245923.641,4007124.25,1
275,467,126.175,36.204,24.348,246015.141,4010264.5,1
275,468,126.175,36.232,24.299,246106.359,4013393.5,1
275,469,126.175,36.26,24.224,246197.656,4016522.5,1
275,470,126.175,36.289,24.149,246289.016,4019651.75,1
275,471,126.175,36.317,24.101,246380.438,4022780.75,1
275,472,126.175,36.345,24.078,246471.906,4025910,1
275,473,126.175,36.373,24.072,246563.453,4029039,1
275,474,126.175,36.401,24.075,246655.047,4032168.25,1
275,475,126.175,36.429,24.079,246746.391,4035286.25,1
275,476,126.175,36.458,24.108,246838.109,4038415.25,1
275,477,126.175,36.486,24.175,246929.578,4041533.5,1
275,478,126.175,36.514,24.266,247021.094,4044651.5,1
275,479,126.175,36.542,24.378,247113,4047780.75,1
275,480,126.175,36.57,24.49,247204.656,4050898.75,1
275,481,126.175,36.598,24.568,247296.359,4054016.75,1
275,482,126.175,36.626,24.601,247387.797,4057124,1
275,483,126.175,36.654,24.598,247479.625,4060242,1
275,489,126.175,36.823,23.054,248030.875,4078917.75,1
275,490,126.175,36.851,23.061,248122.797,4082025,1
275,491,126.175,36.879,23.21,248214.781,4085132,1
275,492,126.175,36.907,23.329,248306.812,4088239.25,1
275,493,126.175,36.935,23.224,248398.594,4091335.25,1
275,494,126.175,36.963,23.044,248490.75,4094442.5,1
275,495,126.175,36.991,23.13,248582.984,4097549.5,1
275,496,126.175,37.018,23.152,248674.938,4100645.75,1
275,497,126.175,37.046,23.197,248766.953,4103741.75,1
275,498,126.175,37.074,23.24,248859.359,4106849,1
275,499,126.175,37.102,23.327,248951.484,4109945,1
275,500,126.175,37.13,23.57,249043.672,4113041.25,1
275,501,126.175,37.158,23.903,249135.938,4116137.25,1
275,502,126.175,37.186,24.01,249228.25,4119233.5,1
275,504,126.175,37.242,24.246,249412.719,4125414.75,1
275,505,126.175,37.269,24.009,249504.875,4128499.75,1
275,506,126.175,37.297,24.184,249597.422,4131596,1
275,507,126.175,37.325,24.208,249689.703,4134681,1
275,508,126.175,37.353,24.208,249782.047,4137766.25,1
275,509,126.175,37.381,24.276,249874.438,4140851.25,1
275,510,126.175,37.409,24.331,249967.219,4143947.5,1
275,511,126.175,37.436,24.371,250059.406,4147021.75,1
275,512,126.175,37.464,24.397,250151.984,4150106.75,1
275,513,126.175,37.492,24.419,250244.609,4153192,1
275,514,126.175,37.52,24.431,250336.969,4156266,1
275,515,126.175,37.547,24.426,250429.719,4159351.25,1
275,516,126.175,37.575,24.41,250522.188,4162425.5,1
275,517,126.175,37.603,24.36,250615.062,4165510.5,1
275,518,126.175,37.631,24.33,250707.656,4168584.75,1
275,519,126.175,37.658,24.275,250800.297,4171659,1
275,520,126.175,37.686,24.28,250893.016,4174733,1
275,521,126.175,37.714,24.31,250985.781,4177807.25,1
275,522,126.175,37.741,24.339,251078.594,4180881.5,1
275,523,126.175,37.769,24.33,251171.141,4183944.5,1
275,524,126.175,37.797,24.331,251264.094,4187018.75,1
275,525,126.175,37.824,24.332,251356.75,4190081.75,1
275,526,126.175,37.852,24.315,251449.812,4193156,1
276,407,126.207,34.492,23.361,243530.797,3820196.25,1
276,408,126.207,34.52,23.828,243619.094,3823391.25,1
276,409,126.207,34.549,23.764,243707.453,3826586,1
276,410,126.207,34.578,23.709,243795.875,3829781,1
276,411,126.207,34.607,23.704,243884.375,3832976,1
276,412,126.207,34.636,23.696,243972.938,3836171,1
276,413,126.207,34.664,23.689,244061.547,3839366,1
276,414,126.207,34.693,23.693,244150.234,3842561,1
276,415,126.207,34.722,23.692,244238.984,3845756,1
276,416,126.207,34.751,23.693,244327.5,3848939.75,1
276,417,126.207,34.779,23.678,244416.375,3852135,1
276,418,126.207,34.808,23.671,244505.016,3855318.75,1
276,419,126.207,34.837,23.67,244593.719,3858502.75,1
276,420,126.207,34.866,23.678,244682.781,3861697.75,1
276,421,126.207,34.894,23.743,244771.609,3864881.75,1
276,422,126.207,34.923,23.782,244860.516,3868065.75,1
276,423,126.207,34.952,23.806,244949.156,3871238.75,1
276,424,126.207,34.98,24.275,245038.172,3874422.75,1
276,425,126.207,35.009,24.769,245127.266,3877606.75,1
276,426,126.207,35.038,25.221,245216.094,3880779.75,1
276,430,126.207,35.152,25.56,245572.719,3893493.75,1
276,431,126.207,35.181,25.564,245661.875,3896666.75,1
276,432,126.207,35.209,25.554,245751.094,3899839.75,1
276,433,126.207,35.238,25.538,245840.375,3903012.75,1
276,434,126.207,35.266,25.531,245929.406,3906174.75,1
276,435,126.207,35.295,25.503,246018.812,3909347.75,1
276,436,126.207,35.324,25.367,246107.984,3912509.75,1
276,437,126.207,35.352,25.206,246197.516,3915682.75,1
276,438,126.207,35.381,25.065,246286.797,3918844.75,1
276,439,126.207,35.409,25.035,246376.469,3922017.75,1
276,440,126.207,35.438,25.102,246465.875,3925179.75,1
276,441,126.207,35.466,25.193,246555.359,3928341.75,1
276,442,126.207,35.495,25.212,246644.891,3931504,1
276,443,126.207,35.523,25.081,246734.5,3934666,1
276,444,126.207,35.552,24.895,246823.844,3937817,1
276,445,126.207,35.58,24.964,246913.562,3940979,1
276,446,126.207,35.609,25.271,247003.047,3944130,1
276,447,126.207,35.637,25.267,247092.891,3947292,1
276,448,126.207,35.666,24.931,247182.484,3950443,1
276,449,126.207,35.694,24.995,247272.469,3953605,1
276,450,126.207,35.722,25.064,247362.188,3956756.25,1
276,451,126.207,35.751,25.134,247451.984,3959907.25,1
276,452,126.207,35.779,25.179,247541.828,3963058.25,1
276,453,126.207,35.807,25.197,247631.422,3966198.25,1
276,454,126.207,35.836,25.171,247721.391,3969349.25,1
276,455,126.207,35.864,25.102,247811.422,3972500.25,1
276,456,126.207,35.893,25.023,247901.203,3975640.25,1
276,457,126.207,35.921,24.907,247991.359,3978791.5,1
276,461,126.207,36.034,24.464,248351.656,3991362.75,1
276,462,126.207,36.062,24.422,248441.484,3994491.75,1
276,463,126.207,36.091,24.413,248531.688,3997631.75,1
276,464,126.207,36.119,24.431,248621.969,4000771.75,1
276,465,126.207,36.147,24.457,248712.297,4003912,1
276,466,126.207,36.176,24.466,248802.375,4007041,1
276,467,126.207,36.204,24.44,248892.828,4010181,1
276,468,126.207,36.232,24.388,248983.031,4013310,1
276,469,126.207,36.26,24.337,249073.281,4016439.25,1
276,470,126.207,36.289,24.302,249163.594,4019568.25,1
276,471,126.207,36.317,24.289,249253.984,4022697.25,1
276,472,126.207,36.345,24.294,249344.422,4025826.25,1
276,473,126.207,36.373,24.306,249434.922,4028955.5,1
276,474,126.207,36.401,24.302,249525.484,4032084.5,1
276,475,126.207,36.429,24.26,249615.781,4035202.5,1
276,476,126.207,36.458,24.215,249706.469,4038331.75,1
276,477,126.207,36.486,24.216,249796.891,4041449.75,1
276,478,126.207,36.514,24.251,249887.375,4044567.75,1
276,479,126.207,36.542,24.327,249978.234,4047697,1
276,480,126.207,36.57,24.439,250068.844,4050815,1
276,481,126.207,36.598,24.55,250159.5,4053933,1
276,482,126.207,36.626,24.545,250249.906,4057040,1
276,483,126.207,36.654,24.274,250340.688,4060158.25,1
276,484,126.207,36.682,23.896,250431.531,4063276.25,1
276,485,126.207,36.71,23.661,250522.109,4066383.5,1
276,489,126.207,36.823,23.062,250885.672,4078833.75,1
276,490,126.207,36.851,23.097,250976.562,4081941,1
276,491,126.207,36.879,23.243,251067.5,4085048,1
276,492,126.207,36.907,23.41,251158.5,4088155.25,1
276,493,126.207,36.935,23.338,251249.234,4091251.25,1
276,494,126.207,36.963,23.097,251340.344,4094358.25,1
276,495,126.207,36.991,23.164,251431.516,4097465.5,1
276,496,126.207,37.018,23.19,251522.438,4100561.5,1
276,497,126.207,37.046,23.24,251613.406,4103657.5,1
276,498,126.207,37.074,23.307,251704.75,4106764.75,1
276,499,126.207,37.102,23.405,251795.844,4109860.75,1
276,500,126.207,37.13,23.663,251886.984,4112957,1
276,501,126.207,37.158,24.034,251978.188,4116053,1
276,502,126.207,37.186,24.157,252069.453,4119149.25,1
276,503,126.207,37.214,24.055,252160.453,4122234.25,1
276,504,126.207,37.242,23.96,252251.844,4125330.5,1
276,505,126.207,37.269,23.904,252342.953,4128415.5,1
276,506,126.207,37.297,24.187,252434.453,4131511.75,1
276,507,126.207,37.325,24.345,252525.688,4134596.75,1
276,508,126.207,37.353,24.333,252616.969,4137681.75,1
276,509,126.207,37.381,24.374,252708.312,4140767,1
276,510,126.207,37.409,24.419,252800.047,4143863.25,1
276,511,126.207,37.436,24.459,252891.188,4146937.25,1
276,512,126.207,37.464,24.491,252982.703,4150022.25,1
276,513,126.207,37.492,24.517,253074.281,4153107.5,1
276,514,126.207,37.52,24.535,253165.594,4156181.5,1
276,515,126.207,37.547,24.532,253257.297,4159266.75,1
276,516,126.207,37.575,24.527,253348.719,4162340.75,1
276,517,126.207,37.603,24.468,253440.531,4165426,1
276,518,126.207,37.631,24.42,253532.062,4168500,1
276,519,126.207,37.658,24.348,253623.672,4171574.25,1
276,520,126.207,37.686,24.353,253715.328,4174648.5,1
276,521,126.207,37.714,24.34,253807.031,4177722.5,1
276,522,126.207,37.741,24.371,253898.812,4180796.75,1
276,523,126.207,37.769,24.363,253990.312,4183859.75,1
276,524,126.207,37.797,24.36,254082.188,4186934,1
276,525,126.207,37.824,24.358,254173.812,4189997,1
276,526,126.207,37.852,24.337,254265.812,4193071.25,1
277,408,126.239,34.52,23.909,246548.141,3823310.75,1
277,409,126.239,34.549,23.858,246635.5,3826505.5,1
277,410,126.239,34.578,23.773,246722.906,3829700.5,1
277,411,126.239,34.607,23.748,246810.391,3832895.5,1
277,412,126.239,34.636,23.697,246897.938,3836090.25,1
277,413,126.239,34.664,23.703,246985.531,3839285.25,1
277,414,126.239,34.693,23.694,247073.203,3842480.25,1
277,415,126.239,34.722,23.687,247160.938,3845675.25,1
277,416,126.239,34.751,23.665,247248.438,3848859,1
277,417,126.239,34.779,23.652,247336.297,3852054,1
277,418,126.239,34.808,23.621,247423.922,3855238,1
277,419,126.239,34.837,23.614,247511.609,3858422,1
277,420,126.239,34.866,23.612,247599.656,3861617,1
277,421,126.239,34.894,23.711,247687.469,3864801,1
277,424,126.239,34.98,24.224,247950.984,3874341.75,1
277,425,126.239,35.009,24.674,248039.047,3877525.75,1
277,426,126.239,35.038,25.204,248126.875,3880698.5,1
277,429,126.239,35.124,25.602,248391.328,3890239.5,1
277,430,126.239,35.152,25.547,248479.406,3893412.5,1
277,431,126.239,35.181,25.527,248567.531,3896585.5,1
277,432,126.239,35.209,25.51,248655.734,3899758.5,1
277,433,126.239,35.238,25.496,248744,3902931.5,1
277,434,126.239,35.266,25.48,248832.016,3906093.5,1
277,435,126.239,35.295,25.483,248920.391,3909266.5,1
277,436,126.239,35.324,25.411,249008.531,3912428.25,1
277,437,126.239,35.352,25.285,249097.047,3915601.5,1
277,438,126.239,35.381,25.19,249185.312,3918763.25,1
277,439,126.239,35.409,25.179,249273.953,3921936.5,1
277,440,126.239,35.438,25.278,249362.344,3925098.5,1
277,441,126.239,35.466,25.398,249450.797,3928260.25,1
277,442,126.239,35.495,25.415,249539.297,3931422.25,1
277,443,126.239,35.523,25.259,249627.875,3934584.5,1
277,444,126.239,35.552,25.053,249716.203,3937735.25,1
277,445,126.239,35.58,24.913,249804.906,3940897.25,1
277,446,126.239,35.609,25.327,249893.359,3944048.25,1
277,447,126.239,35.637,25.469,249982.172,3947210.25,1
277,448,126.239,35.666,25.071,250070.75,3950361.25,1
277,449,126.239,35.694,25.053,250159.703,3953523.5,1
277,450,126.239,35.722,25.151,250248.391,3956674.5,1
277,451,126.239,35.751,25.238,250337.156,3959825.5,1
277,452,126.239,35.779,25.287,250425.969,3962976.5,1
277,453,126.239,35.807,25.296,250514.531,3966116.25,1
277,454,126.239,35.836,25.234,250603.484,3969267.5,1
277,455,126.239,35.864,25.121,250692.484,3972418.5,1
277,456,126.239,35.893,25.044,250781.234,3975558.5,1
277,457,126.239,35.921,24.916,250870.359,3978709.5,1
277,458,126.239,35.949,24.771,250959.234,3981849.5,1
277,459,126.239,35.978,24.629,251048.172,3984989.5,1
277,460,126.239,36.006,24.523,251137.156,3988129.5,1
277,461,126.239,36.034,24.465,251226.531,3991280.75,1
277,462,126.239,36.062,24.454,251315.328,3994409.5,1
277,463,126.239,36.091,24.48,251404.516,3997549.75,1
277,464,126.239,36.119,24.533,251493.75,4000689.75,1
277,465,126.239,36.147,24.595,251583.047,4003829.75,1
277,466,126.239,36.176,24.641,251672.094,4006958.75,1
277,467,126.239,36.204,24.653,251761.5,4010098.75,1
277,468,126.239,36.232,24.633,251850.672,4013227.75,1
277,469,126.239,36.26,24.605,251939.891,4016357,1
277,470,126.239,36.289,24.59,252029.188,4019486,1
277,471,126.239,36.317,24.592,252118.531,4022615,1
277,472,126.239,36.345,24.594,252207.922,4025744,1
277,473,126.239,36.373,24.571,252297.391,4028873,1
277,474,126.239,36.401,24.514,252386.922,4032002.25,1
277,475,126.239,36.429,24.436,252476.188,4035120.25,1
277,476,126.239,36.458,24.344,252565.828,4038249.25,1
277,477,126.239,36.486,24.294,252655.219,4041367.25,1
277,478,126.239,36.514,24.282,252744.672,4044485.25,1
277,479,126.239,36.542,24.312,252834.484,4047614.5,1
277,480,126.239,36.57,24.391,252924.062,4050732.5,1
277,481,126.239,36.598,24.512,253013.688,4053850.5,1
277,482,126.239,36.626,24.651,253103.047,4056957.5,1
277,483,126.239,36.654,24.705,253192.797,4060075.75,1
277,484,126.239,36.682,24.551,253282.594,4063193.75,1
277,485,126.239,36.71,23.977,253372.141,4066300.75,1
277,493,126.239,36.935,23.476,254090.938,4091168.25,1
277,494,126.239,36.963,23.197,254181,4094275.5,1
277,495,126.239,36.991,23.249,254271.141,4097382.5,1
277,496,126.239,37.018,23.273,254361.016,4100478.5,1
277,497,126.239,37.046,23.277,254450.938,4103574.75,1
277,498,126.239,37.074,23.375,254541.25,4106681.75,1
277,499,126.239,37.102,23.492,254631.297,4109778,1
277,500,126.239,37.13,23.646,254721.391,4112874,1
277,501,126.239,37.158,23.812,254811.562,4115970,1
277,502,126.239,37.186,24.094,254901.781,4119066.25,1
277,503,126.239,37.214,24.088,254991.734,4122151.25,1
277,504,126.239,37.242,23.901,255082.062,4125247.25,1
277,505,126.239,37.269,23.957,255172.141,4128332.25,1
277,506,126.239,37.297,24.098,255262.594,4131428.5,1
277,507,126.239,37.325,24.31,255352.781,4134513.5,1
277,508,126.239,37.353,24.405,255443.016,4137598.75,1
277,509,126.239,37.381,24.455,255533.312,4140683.75,1
277,510,126.239,37.409,24.493,255624,4143780,1
277,511,126.239,37.436,24.529,255714.094,4146854,1
277,512,126.239,37.464,24.561,255804.562,4149939,1
277,513,126.239,37.492,24.585,255895.094,4153024.25,1
277,514,126.239,37.52,24.597,255985.359,4156098.25,1
277,515,126.239,37.547,24.583,256076.016,4159183.5,1
277,516,126.239,37.575,24.571,256166.391,4162257.5,1
277,517,126.239,37.603,24.543,256257.156,4165342.75,1
277,518,126.239,37.631,24.511,256347.641,4168416.75,1
277,519,126.239,37.658,24.457,256438.188,4171490.75,1
277,520,126.239,37.686,24.423,256528.797,4174565,1
277,521,126.239,37.714,24.394,256619.469,4177639,1
277,522,126.239,37.741,24.379,256710.188,4180713.25,1
277,525,126.239,37.824,24.372,256982.031,4189913.5,1
277,526,126.239,37.852,24.347,257072.984,4192987.75,1
278,408,126.271,34.52,23.879,249486.344,3823230.75,1
278,409,126.271,34.549,24.153,249572.688,3826425.75,1
278,410,126.271,34.578,24.284,249659.094,3829620.5,1
278,411,126.271,34.607,24.537,249745.547,3832815.5,1
278,415,126.271,34.722,23.715,250092.031,3845595.25,1
278,416,126.271,34.751,23.662,250178.516,3848779,1
278,417,126.271,34.779,23.682,250265.359,3851974,1
278,418,126.271,34.808,23.64,250351.953,3855157.75,1
278,419,126.271,34.837,23.626,250438.625,3858341.75,1
278,420,126.271,34.866,23.613,250525.656,3861536.75,1
278,421,126.271,34.894,23.67,250612.453,3864720.75,1
278,422,126.271,34.923,23.931,250699.297,3867904.5,1
278,423,126.271,34.952,23.99,250785.922,3871077.5,1
278,424,126.271,34.98,24.244,250872.891,3874261.5,1
278,425,126.271,35.009,24.689,250959.938,3877445.25,1
278,426,126.271,35.038,25.142,251046.734,3880618.25,1
278,430,126.271,35.152,25.511,251395.172,3893332,1
278,431,126.271,35.181,25.5,251482.281,3896505,1
278,432,126.271,35.209,25.486,251569.453,3899678,1
278,433,126.271,35.238,25.507,251656.688,3902851,1
278,434,126.271,35.266,25.462,251743.688,3906012.75,1
278,435,126.271,35.295,25.453,251831.047,3909185.75,1
278,436,126.271,35.324,25.415,251918.156,3912347.75,1
278,437,126.271,35.352,25.343,252005.641,3915520.75,1
278,438,126.271,35.381,25.309,252092.891,3918682.5,1
278,439,126.271,35.409,25.323,252180.5,3921855.75,1
278,440,126.271,35.438,25.461,252267.859,3925017.5,1
278,441,126.271,35.466,25.6,252355.281,3928179.5,1
278,442,126.271,35.495,25.616,252442.766,3931341.5,1
278,443,126.271,35.523,25.481,252530.312,3934503.5,1
278,444,126.271,35.552,25.314,252617.609,3937654.5,1
278,447,126.271,35.637,25.601,252880.5,3947129.5,1
278,448,126.271,35.666,25.217,252968.031,3950280.25,1
278,449,126.271,35.694,25.098,253055.953,3953442.5,1
278,450,126.271,35.722,25.208,253143.609,3956593.25,1
278,451,126.271,35.751,25.315,253231.344,3959744.25,1
278,452,126.271,35.779,25.381,253319.125,3962895.25,1
278,453,126.271,35.807,25.395,253406.672,3966035.25,1
278,454,126.271,35.836,25.313,253494.578,3969186.25,1
278,455,126.271,35.864,25.159,253582.547,3972337.25,1
278,456,126.271,35.893,25.083,253670.266,3975477.25,1
278,457,126.271,35.921,24.945,253758.359,3978628.25,1
278,458,126.271,35.949,24.799,253846.203,3981768.25,1
278,459,126.271,35.978,24.663,253934.094,3984908.25,1
278,460,126.271,36.006,24.573,254022.062,3988048.25,1
278,461,126.271,36.034,24.538,254110.391,3991199.25,1
278,462,126.271,36.062,24.555,254198.156,3994328.25,1
278,463,126.271,36.091,24.611,254286.297,3997468.25,1
278,464,126.271,36.119,24.692,254374.5,4000608.25,1
278,465,126.271,36.147,24.778,254462.766,4003748.25,1
278,466,126.271,36.176,24.851,254550.766,4006877.25,1
278,467,126.271,36.204,24.893,254639.156,4010017.25,1
278,468,126.271,36.232,24.908,254727.281,4013146.25,1
278,469,126.271,36.26,24.914,254815.469,4016275.25,1
278,470,126.271,36.289,24.934,254903.719,4019404.25,1
278,471,126.271,36.317,24.969,254992.031,4022533.5,1
278,472,126.271,36.345,24.974,255080.391,4025662.5,1
278,473,126.271,36.373,24.866,255168.812,4028791.5,1
278,474,126.271,36.401,24.653,255257.297,4031920.5,1
278,475,126.271,36.429,24.545,255345.531,4035038.5,1
278,476,126.271,36.458,24.459,255434.141,4038167.5,1
278,477,126.271,36.486,24.405,255522.484,4041285.5,1
278,478,126.271,36.514,24.379,255610.891,4044403.5,1
278,479,126.271,36.542,24.379,255699.672,4047532.75,1
278,480,126.271,36.57,24.423,255788.203,4050650.75,1
278,481,126.271,36.598,24.522,255876.781,4053768.75,1
278,482,126.271,36.626,24.619,255965.109,4056875.75,1
278,483,126.271,36.654,24.684,256053.812,4059993.75,1
278,491,126.271,36.879,23.74,256763.953,4084883.25,1
278,492,126.271,36.907,23.714,256852.875,4087990.25,1
278,493,126.271,36.935,23.601,256941.516,4091086.25,1
278,494,126.271,36.963,23.299,257030.547,4094193.25,1
278,495,126.271,36.991,23.394,257119.641,4097300.5,1
278,496,126.271,37.018,23.416,257208.469,4100396.5,1
278,497,126.271,37.046,23.307,257297.344,4103492.5,1
278,498,126.271,37.074,23.422,257386.609,4106599.5,1
278,499,126.271,37.102,23.592,257475.609,4109695.5,1
278,500,126.271,37.13,23.841,257564.656,4112791.75,1
278,501,126.271,37.158,23.979,257653.781,4115887.75,1
278,503,126.271,37.214,24.117,257831.859,4122068.75,1
278,504,126.271,37.242,24.15,257921.141,4125165,1
278,505,126.271,37.269,24.123,258010.172,4128250,1
278,506,126.271,37.297,24.043,258099.562,4131346,1
278,507,126.271,37.325,24.148,258188.703,4134431.25,1
278,508,126.271,37.353,24.323,258277.906,4137516.25,1
278,509,126.271,37.381,24.453,258367.156,4140601.25,1
278,510,126.271,37.409,24.524,258456.781,4143697.5,1
278,511,126.271,37.436,24.562,258545.828,4146771.5,1
278,512,126.271,37.464,24.589,258635.25,4149856.5,1
278,513,126.271,37.492,24.607,258724.734,4152941.5,1
278,514,126.271,37.52,24.618,258813.953,4156015.75,1
278,516,126.271,37.575,24.559,258992.875,4162174.75,1
278,517,126.271,37.603,24.528,259082.578,4165260,1
278,518,126.271,37.631,24.517,259172.031,4168334,1
278,519,126.271,37.658,24.46,259261.516,4171408.25,1
278,520,126.271,37.686,24.395,259351.078,4174482.25,1
278,521,126.271,37.714,24.371,259440.688,4177556.25,1
278,522,126.271,37.741,24.349,259530.359,4180630.5,1
278,525,126.271,37.824,24.371,259799.047,4189830.75,1
278,526,126.271,37.852,24.35,259888.938,4192904.75,1
279,408,126.303,34.52,23.833,252424.531,3823152,1
279,409,126.303,34.549,24.28,252509.844,3826346.75,1
279,410,126.303,34.578,24.592,252595.234,3829541.5,1
279,417,126.303,34.779,23.723,253194.375,3851894.75,1
279,418,126.303,34.808,23.661,253279.969,3855078.75,1
279,419,126.303,34.837,23.618,253365.609,3858262.5,1
279,420,126.303,34.866,23.62,253451.625,3861457.5,1
279,421,126.303,34.894,23.565,253537.391,3864641.5,1
279,422,126.303,34.923,23.666,253623.219,3867825.25,1
279,423,126.303,34.952,23.956,253708.828,3870998,1
279,424,126.303,34.98,24.411,253794.781,3874182,1
279,425,126.303,35.009,24.59,253880.797,3877366,1
279,426,126.303,35.038,25.096,253966.578,3880538.75,1
279,427,126.303,35.066,25.251,254052.719,3883722.75,1
279,428,126.303,35.095,25.226,254138.625,3886895.75,1
279,430,126.303,35.152,25.502,254310.922,3893252.5,1
279,431,126.303,35.181,25.465,254397,3896425.5,1
279,432,126.303,35.209,25.366,254483.156,3899598.25,1
279,434,126.303,35.266,25.45,254655.344,3905933.25,1
279,435,126.303,35.295,25.422,254741.672,3909106,1
279,436,126.303,35.324,25.424,254827.766,3912268,1
279,437,126.303,35.352,25.401,254914.219,3915441,1
279,438,126.303,35.381,25.418,255000.438,3918602.75,1
279,439,126.303,35.409,25.451,255087.016,3921775.75,1
279,440,126.303,35.438,25.623,255173.344,3924937.75,1
279,441,126.303,35.466,25.769,255259.734,3928099.75,1
279,442,126.303,35.495,25.807,255346.203,3931261.75,1
279,443,126.303,35.523,25.757,255432.719,3934423.5,1
279,444,126.303,35.552,25.616,255518.984,3937574.5,1
279,445,126.303,35.58,25.395,255605.625,3940736.5,1
279,447,126.303,35.637,25.643,255778.781,3947049.25,1
279,448,126.303,35.666,25.295,255865.297,3950200.25,1
279,449,126.303,35.694,25.141,255952.172,3953362.25,1
279,450,126.303,35.722,25.248,256038.812,3956513.25,1
279,451,126.303,35.751,25.365,256125.516,3959664.25,1
279,452,126.303,35.779,25.427,256212.266,3962815.25,1
279,453,126.303,35.807,25.459,256298.781,3965955,1
279,454,126.303,35.836,25.405,256385.656,3969106,1
279,455,126.303,35.864,25.211,256472.594,3972257,1
279,456,126.303,35.893,25.121,256559.281,3975397,1
279,457,126.303,35.921,24.995,256646.328,3978548,1
279,458,126.303,35.949,24.87,256733.141,3981688,1
279,459,126.303,35.978,24.766,256820,3984828,1
279,460,126.303,36.006,24.704,256906.938,3987967.75,1
279,461,126.303,36.034,24.691,256994.234,3991119,1
279,462,126.303,36.062,24.724,257080.969,3994247.75,1
279,463,126.303,36.091,24.795,257168.078,3997387.75,1
279,464,126.303,36.119,24.889,257255.234,4000527.75,1
279,465,126.303,36.147,24.989,257342.469,4003667.75,1
279,466,126.303,36.176,25.073,257429.438,4006796.75,1
279,467,126.303,36.204,25.135,257516.781,4009936.75,1
279,468,126.303,36.232,25.184,257603.875,4013065.75,1
279,469,126.303,36.26,25.238,257691.016,4016194.75,1
279,470,126.303,36.289,25.301,257778.234,4019323.75,1
279,471,126.303,36.317,25.346,257865.5,4022452.75,1
279,472,126.303,36.345,25.324,257952.828,4025581.75,1
279,473,126.303,36.373,25.127,258040.219,4028710.75,1
279,474,126.303,36.401,24.717,258127.656,4031839.75,1
279,475,126.303,36.429,24.571,258214.859,4034957.75,1
279,476,126.303,36.458,24.532,258302.422,4038086.75,1
279,477,126.303,36.486,24.515,258389.734,4041204.75,1
279,478,126.303,36.514,24.512,258477.094,4044322.75,1
279,479,126.303,36.542,24.501,258564.844,4047451.75,1
279,480,126.303,36.57,24.488,258652.328,4050569.75,1
279,481,126.303,36.598,24.49,258739.859,4053687.75,1
279,493,126.303,36.935,23.799,259792.094,4091005,1
279,494,126.303,36.963,23.405,259880.078,4094112,1
279,495,126.303,36.991,23.547,259968.109,4097219.25,1
279,496,126.303,37.018,23.6,260055.891,4100315.25,1
279,497,126.303,37.046,23.359,260143.734,4103411.25,1
279,498,126.303,37.074,23.451,260231.953,4106518.25,1
279,499,126.303,37.102,23.569,260319.906,4109614.25,1
279,500,126.303,37.13,23.75,260407.906,4112710.25,1
279,501,126.303,37.158,23.891,260495.984,4115806.5,1
279,502,126.303,37.186,23.924,260584.094,4118902.5,1
279,503,126.303,37.214,23.928,260671.969,4121987.5,1
279,504,126.303,37.242,24.152,260760.203,4125083.5,1
279,505,126.303,37.269,24.202,260848.188,4128168.5,1
279,506,126.303,37.297,24.098,260936.531,4131264.75,1
279,507,126.303,37.325,24.085,261024.625,4134349.75,1
279,508,126.303,37.353,24.181,261112.766,4137434.75,1
279,509,126.303,37.381,24.358,261200.969,4140519.75,1
279,510,126.303,37.409,24.49,261289.547,4143616,1
279,511,126.303,37.436,24.552,261377.547,4146689.75,1
279,512,126.303,37.464,24.573,261465.922,4149775,1
279,513,126.303,37.492,24.584,261554.359,4152860,1
279,514,126.303,37.52,24.612,261642.516,4155934,1
279,515,126.303,37.547,24.607,261731.062,4159019,1
279,516,126.303,37.575,24.582,261819.344,4162093.25,1
279,517,126.303,37.603,24.569,261908,4165178.25,1
279,518,126.303,37.631,24.551,261996.391,4168252.25,1
279,519,126.303,37.658,24.419,262084.828,4171326.5,1
279,520,126.303,37.686,24.314,262173.344,4174400.5,1
279,525,126.303,37.824,24.354,262616.031,4189748.75,1
279,526,126.303,37.852,24.349,262704.875,4192823,1
280,409,126.335,34.549,24.262,255437.812,3826269,1
280,410,126.335,34.578,24.713,255522.188,3829463.75,1
280,417,126.335,34.779,23.785,256114.219,3851816.75,1
280,418,126.335,34.808,23.682,256198.797,3855000.75,1
280,419,126.335,34.837,23.606,256283.422,3858184.5,1
280,420,126.335,34.866,23.606,256368.406,3861379.5,1
280,425,126.335,35.009,24.27,256792.5,3877287.75,1
280,426,126.335,35.038,24.938,256877.266,3880460.5,1
280,427,126.335,35.066,25.241,256962.391,3883644.5,1
280,428,126.335,35.095,25.391,257047.281,3886817.25,1
280,434,126.335,35.266,25.435,257557.859,3905854.75,1
280,435,126.335,35.295,25.398,257643.172,3909027.5,1
280,436,126.335,35.324,25.426,257728.25,3912189.5,1
280,437,126.335,35.352,25.455,257813.672,3915362.5,1
280,438,126.335,35.381,25.511,257898.875,3918524.25,1
280,439,126.335,35.409,25.559,257984.422,3921697.25,1
280,440,126.335,35.438,25.747,258069.734,3924859.25,1
280,441,126.335,35.466,25.887,258155.109,3928021,1
280,442,126.335,35.495,25.965,258240.531,3931183,1
280,443,126.335,35.523,26.033,258326.031,3934345,1
280,444,126.335,35.552,26.015,258411.281,3937495.75,1
280,445,126.335,35.58,25.925,258496.891,3940657.75,1
280,446,126.335,35.609,25.753,258582.266,3943808.5,1
280,447,126.335,35.637,25.64,258668,3946970.5,1
280,448,126.335,35.666,25.326,258753.484,3950121.5,1
280,449,126.335,35.694,25.202,258839.328,3953283.5,1
280,450,126.335,35.722,25.34,258924.938,3956434.25,1
280,451,126.335,35.751,25.473,259010.609,3959585.25,1
280,452,126.335,35.779,25.442,259096.344,3962736.25,1
280,453,126.335,35.807,25.48,259181.828,3965876,1
280,454,126.335,35.836,25.529,259267.672,3969027,1
280,455,126.335,35.864,25.309,259353.578,3972178,1
280,456,126.335,35.893,25.154,259439.234,3975318,1
280,457,126.335,35.921,25.076,259525.25,3978469,1
280,458,126.335,35.949,25.005,259611.031,3981608.75,1
280,459,126.335,35.978,24.948,259696.875,3984748.75,1
280,460,126.335,36.006,24.905,259782.766,3987888.75,1
280,461,126.335,36.034,24.906,259869.031,3991039.75,1
280,462,126.335,36.062,24.935,259954.734,3994168.5,1
280,463,126.335,36.091,25.001,260040.812,3997308.5,1
280,464,126.335,36.119,25.096,260126.953,4000448.5,1
280,465,126.335,36.147,25.201,260213.141,4003588.5,1
280,466,126.335,36.176,25.296,260299.078,4006717.5,1
280,467,126.335,36.204,25.38,260385.391,4009857.5,1
280,468,126.335,36.232,25.472,260471.453,4012986.5,1
280,469,126.335,36.26,25.569,260557.562,4016115.25,1
280,470,126.335,36.289,25.603,260643.75,4019244.25,1
280,471,126.335,36.317,25.505,260729.984,4022373.25,1
280,472,126.335,36.345,25.342,260816.266,4025502.25,1
280,473,126.335,36.373,25.153,260902.625,4028631.25,1
280,474,126.335,36.401,24.782,260989.031,4031760.25,1
280,475,126.335,36.429,24.622,261075.188,4034878.25,1
280,490,126.335,36.851,24.37,262373.562,4081615,1
280,491,126.335,36.879,24.322,262460.344,4084722,1
280,492,126.335,36.907,24.23,262547.156,4087829.25,1
280,493,126.335,36.935,24.032,262633.719,4090925,1
280,494,126.335,36.963,23.525,262720.688,4094032,1
280,495,126.335,36.991,23.627,262807.656,4097139.25,1
280,496,126.335,37.018,23.777,262894.406,4100235.25,1
280,497,126.335,37.046,23.461,262981.219,4103331,1
280,498,126.335,37.074,23.495,263068.375,4106438.25,1
280,499,126.335,37.102,23.524,263155.281,4109534.25,1
280,500,126.335,37.13,23.522,263242.25,4112630.25,1
280,501,126.335,37.158,23.539,263329.281,4115726.25,1
280,502,126.335,37.186,23.675,263416.344,4118822.25,1
280,503,126.335,37.214,23.839,263503.188,4121907.25,1
280,504,126.335,37.242,24.112,263590.375,4125003.25,1
280,505,126.335,37.269,24.27,263677.312,4128088.25,1
280,506,126.335,37.297,24.208,263764.625,4131184.5,1
280,507,126.335,37.325,24.157,263851.656,4134269.5,1
280,508,126.335,37.353,24.154,263938.75,4137354.5,1
280,509,126.335,37.381,24.271,264025.906,4140439.5,1
280,510,126.335,37.409,24.42,264113.438,4143535.5,1
280,511,126.335,37.436,24.514,264200.406,4146609.5,1
280,512,126.335,37.464,24.538,264287.719,4149694.5,1
280,513,126.335,37.492,24.536,264375.094,4152779.5,1
280,514,126.335,37.52,24.565,264462.219,4155853.5,1
280,515,126.335,37.547,24.579,264549.719,4158938.75,1
280,516,126.335,37.575,24.574,264636.969,4162012.75,1
280,517,126.335,37.603,24.583,264724.562,4165097.75,1
280,518,126.335,37.631,24.583,264811.906,4168171.75,1
280,525,126.335,37.824,24.332,265424.219,4189668.25,1
280,526,126.335,37.852,24.352,265512,4192742.25,1
281,417,126.367,34.779,23.848,259043.188,3851739.5,1
281,418,126.367,34.808,23.602,259126.75,3854923.25,1
281,426,126.367,35.038,24.954,259797.062,3880383,1
281,427,126.367,35.066,25.367,259881.156,3883567,1
281,428,126.367,35.095,25.433,259965.016,3886739.75,1
281,429,126.367,35.124,25.364,260049.234,3889923.75,1
281,430,126.367,35.152,25.406,260133.219,3893096.5,1
281,435,126.367,35.295,25.379,260553.75,3908949.75,1
281,436,126.367,35.324,25.42,260637.797,3912111.5,1
281,437,126.367,35.352,25.49,260722.203,3915284.5,1
281,438,126.367,35.381,25.572,260806.359,3918446.25,1
281,439,126.367,35.409,25.644,260890.891,3921619.25,1
281,440,126.367,35.438,25.82,260975.172,3924781.25,1
281,441,126.367,35.466,25.949,261059.516,3927943,1
281,442,126.367,35.495,26.051,261143.922,3931105,1
281,443,126.367,35.523,26.166,261228.391,3934266.75,1
281,444,126.367,35.552,26.191,261312.609,3937417.75,1
281,445,126.367,35.58,26.102,261397.188,3940579.5,1
281,446,126.367,35.609,25.939,261481.531,3943730.5,1
281,447,126.367,35.637,25.609,261566.234,3946892.5,1
281,448,126.367,35.666,25.347,261650.703,3950043.25,1
281,449,126.367,35.694,25.294,261735.516,3953205.25,1
281,450,126.367,35.722,25.503,261820.094,3956356,1
281,451,126.367,35.751,25.671,261904.734,3959507,1
281,452,126.367,35.779,25.503,261989.422,3962658,1
281,454,126.367,35.836,25.648,262158.688,3968948.75,1
281,455,126.367,35.864,25.474,262243.562,3972099.75,1
281,456,126.367,35.893,25.209,262328.188,3975239.5,1
281,457,126.367,35.921,25.199,262413.188,3978390.5,1
281,458,126.367,35.949,25.213,262497.938,3981530.5,1
281,459,126.367,35.978,25.196,262582.75,3984670.25,1
281,460,126.367,36.006,25.134,262667.594,3987810.25,1
281,461,126.367,36.034,25.143,262752.812,3990961.25,1
281,462,126.367,36.062,25.155,262837.5,3994090,1
281,463,126.367,36.091,25.202,262922.531,3997230,1
281,464,126.367,36.119,25.281,263007.625,4000370,1
281,465,126.367,36.147,25.388,263092.781,4003510,1
281,466,126.367,36.176,25.502,263177.688,4006638.75,1
281,467,126.367,36.204,25.616,263262.969,4009778.75,1
281,468,126.367,36.232,25.745,263348,4012907.75,1
281,469,126.367,36.26,25.824,263433.062,4016036.75,1
281,470,126.367,36.289,25.679,263518.219,4019165.5,1
281,471,126.367,36.317,25.294,263603.406,4022294.5,1
281,472,126.367,36.345,24.998,263688.656,4025423.5,1
281,473,126.367,36.373,24.93,263773.969,4028552.5,1
281,474,126.367,36.401,24.9,263859.344,4031681.5,1
281,490,126.367,36.851,24.052,265227.219,4081536,1
281,491,126.367,36.879,23.976,265312.938,4084643,1
281,492,126.367,36.907,23.937,265398.719,4087750,1
281,493,126.367,36.935,23.847,265484.25,4090845.75,1
281,496,126.367,37.018,23.909,265741.812,4100155.75,1
281,497,126.367,37.046,23.593,265827.562,4103251.75,1
281,498,126.367,37.074,23.589,265913.688,4106358.75,1
281,499,126.367,37.102,23.624,265999.531,4109454.75,1
281,500,126.367,37.13,23.684,266085.469,4112550.75,1
281,501,126.367,37.158,23.677,266171.438,4115646.75,1
281,502,126.367,37.186,23.695,266257.469,4118742.75,1
281,503,126.367,37.214,23.873,266343.25,4121827.75,1
281,504,126.367,37.242,24.084,266429.375,4124923.75,1
281,505,126.367,37.269,24.306,266515.281,4128008.75,1
281,506,126.367,37.297,24.323,266601.531,4131104.75,1
281,507,126.367,37.325,24.256,266687.531,4134189.75,1
281,508,126.367,37.353,24.217,266773.594,4137274.75,1
281,509,126.367,37.381,24.26,266859.688,4140359.75,1
281,510,126.367,37.409,24.372,266946.188,4143456,1
281,511,126.367,37.436,24.472,267032.094,4146529.75,1
281,513,126.367,37.492,24.511,267204.688,4152700,1
281,514,126.367,37.52,24.538,267290.75,4155774,1
281,515,126.367,37.547,24.56,267377.188,4158859,1
281,516,126.367,37.575,24.556,267463.375,4161933,1
281,517,126.367,37.603,24.553,267549.938,4165018,1
281,518,126.367,37.631,24.562,267636.219,4168092,1
281,519,126.367,37.658,24.526,267722.562,4171166,1
281,525,126.367,37.824,24.308,268241.156,4189588.25,1
281,526,126.367,37.852,24.309,268327.906,4192662.25,1
281,527,126.367,37.88,24.063,268414.375,4195725.5,1
282,428,126.399,35.095,25.415,262882.75,3886663,1
282,429,126.399,35.124,25.397,262965.938,3889847,1
282,438,126.399,35.381,25.58,263713.844,3918369.5,1
282,439,126.399,35.409,25.687,263797.312,3921542.25,1
282,440,126.399,35.438,25.836,263880.594,3924704.25,1
282,441,126.399,35.466,25.957,263963.906,3927866,1
282,442,126.399,35.495,26.08,264047.281,3931028,1
282,443,126.399,35.523,26.18,264130.719,3934189.75,1
282,444,126.399,35.552,26.191,264213.906,3937340.5,1
282,445,126.399,35.58,26.1,264297.469,3940502.5,1
282,446,126.399,35.609,25.905,264380.781,3943653.25,1
282,447,126.399,35.637,25.631,264464.438,3946815.25,1
282,448,126.399,35.666,25.451,264547.875,3949966,1
282,449,126.399,35.694,25.4,264631.656,3953128,1
282,450,126.399,35.722,25.627,264715.219,3956278.75,1
282,451,126.399,35.751,25.776,264798.812,3959429.75,1
282,452,126.399,35.779,25.577,264882.5,3962580.5,1
282,454,126.399,35.836,25.724,265049.688,3968871.25,1
282,455,126.399,35.864,25.65,265133.531,3972022.25,1
282,456,126.399,35.893,25.299,265217.125,3975162,1
282,457,126.399,35.921,25.35,265301.094,3978313,1
282,458,126.399,35.949,25.455,265384.812,3981453,1
282,459,126.399,35.978,25.457,265468.562,3984592.75,1
282,460,126.399,36.006,25.352,265552.406,3987732.75,1
282,461,126.399,36.034,25.364,265636.594,3990883.75,1
282,462,126.399,36.062,25.365,265720.25,3994012.5,1
282,463,126.399,36.091,25.388,265804.25,3997152.5,1
282,464,126.399,36.119,25.436,265888.312,4000292.25,1
282,465,126.399,36.147,25.531,265972.406,4003432.25,1
282,466,126.399,36.176,25.669,266056.281,4006561.25,1
282,467,126.399,36.204,25.811,266140.531,4009701.25,1
282,468,126.399,36.232,25.942,266224.5,4012830,1
282,469,126.399,36.26,25.929,266308.562,4015959,1
282,470,126.399,36.289,25.569,266392.656,4019087.75,1
282,471,126.399,36.317,25.058,266476.812,4022216.75,1
282,472,126.399,36.345,24.85,266561.031,4025345.75,1
282,473,126.399,36.373,24.833,266645.312,4028474.75,1
282,474,126.399,36.401,24.815,266729.656,4031603.5,1
282,478,126.399,36.514,24.744,267066.625,4044086.25,1
282,479,126.399,36.542,24.808,267151.25,4047215.25,1
282,480,126.399,36.57,24.803,267235.594,4050333.25,1
282,481,126.399,36.598,24.814,267320.031,4053451.25,1
282,482,126.399,36.626,24.805,267404.219,4056558,1
282,496,126.399,37.018,23.996,268589.188,4100077.5,1
282,497,126.399,37.046,23.715,268673.875,4103173.5,1
282,498,126.399,37.074,23.719,268758.938,4106280.5,1
282,499,126.399,37.102,23.697,268843.781,4109376.5,1
282,500,126.399,37.13,23.763,268928.656,4112472.25,1
282,501,126.399,37.158,23.821,269013.562,4115568.25,1
282,502,126.399,37.186,23.855,269098.562,4118664.25,1
282,503,126.399,37.214,23.911,269183.281,4121749.25,1
282,505,126.399,37.269,24.285,269353.219,4127930.25,1
282,506,126.399,37.297,24.431,269438.438,4131026.25,1
282,507,126.399,37.325,24.32,269523.375,4134111.25,1
282,508,126.399,37.353,24.32,269608.406,4137196.25,1
282,509,126.399,37.381,24.326,269693.469,4140281.25,1
282,510,126.399,37.409,24.39,269778.875,4143377.25,1
282,511,126.399,37.436,24.454,269863.75,4146451.25,1
282,512,126.399,37.464,24.478,269948.969,4149536.25,1
282,513,126.399,37.492,24.478,270034.25,4152621.25,1
282,514,126.399,37.52,24.504,270119.281,4155695.25,1
282,515,126.399,37.547,24.541,270204.656,4158780.25,1
282,516,126.399,37.575,24.555,270289.781,4161854.25,1
282,519,126.399,37.658,24.526,270545.812,4171087.25,1
282,525,126.399,37.824,24.273,271058.094,4189509.25,1
282,526,126.399,37.852,24.275,271143.781,4192583.25,1
282,527,126.399,37.88,24.13,271229.188,4195646.5,1
283,427,126.431,35.066,25.488,265709.5,3883414.75,1
283,428,126.431,35.095,25.432,265791.312,3886587.5,1
283,441,126.431,35.466,25.915,266859.188,3927790.25,1
283,442,126.431,35.495,26.056,266941.531,3930952,1
283,443,126.431,35.523,26.172,267023.969,3934113.75,1
283,444,126.431,35.552,26.168,267106.125,3937264.75,1
283,445,126.431,35.58,26.069,267188.656,3940426.5,1
283,446,126.431,35.609,25.921,267270.938,3943577.25,1
283,447,126.431,35.637,25.645,267353.594,3946739.25,1
283,448,126.431,35.666,25.555,267436,3949890,1
283,449,126.431,35.694,25.479,267518.75,3953052,1
283,450,126.431,35.722,25.648,267601.281,3956202.75,1
283,451,126.431,35.751,25.79,267683.844,3959353.5,1
283,452,126.431,35.779,25.627,267766.5,3962504.5,1
283,454,126.431,35.836,25.784,267931.656,3968795.25,1
283,455,126.431,35.864,25.786,268014.438,3971946,1
283,456,126.431,35.893,25.401,268097.031,3975085.75,1
283,457,126.431,35.921,25.484,268179.938,3978236.75,1
283,458,126.431,35.949,25.642,268262.625,3981376.75,1
283,459,126.431,35.978,25.655,268345.375,3984516.5,1
283,460,126.431,36.006,25.544,268428.188,3987656.25,1
283,461,126.431,36.034,25.547,268511.312,3990807.25,1
283,462,126.431,36.062,25.552,268593.938,3993936,1
283,463,126.431,36.091,25.562,268676.906,3997076,1
283,464,126.431,36.119,25.571,268759.938,4000216,1
283,465,126.431,36.147,25.632,268843.031,4003355.75,1
283,466,126.431,36.176,25.783,268925.875,4006484.75,1
283,467,126.431,36.204,25.932,269009.062,4009624.75,1
283,468,126.431,36.232,26.034,269092.031,4012753.5,1
283,469,126.431,36.26,25.96,269175.031,4015882.25,1
283,470,126.431,36.289,25.588,269258.094,4019011.25,1
283,471,126.431,36.317,25.169,269341.219,4022140.25,1
283,472,126.431,36.345,24.977,269424.406,4025269,1
283,473,126.431,36.373,24.863,269507.656,4028398,1
283,474,126.431,36.401,24.805,269590.938,4031527,1
283,475,126.431,36.429,24.78,269674,4034644.75,1
283,476,126.431,36.458,24.786,269757.406,4037773.75,1
283,477,126.431,36.486,24.78,269840.562,4040891.5,1
283,478,126.431,36.514,24.777,269923.781,4044009.5,1
283,479,126.431,36.542,24.787,270007.375,4047138.5,1
283,480,126.431,36.57,24.757,270090.688,4050256.5,1
283,481,126.431,36.598,24.782,270174.094,4053374.25,1
283,482,126.431,36.626,24.726,270257.219,4056481.25,1
283,483,126.431,36.654,24.569,270340.719,4059599,1
283,484,126.431,36.682,24.449,270424.281,4062717,1
283,496,126.431,37.018,24.052,271427.625,4100000.25,1
283,497,126.431,37.046,23.823,271511.312,4103096.25,1
283,498,126.431,37.074,23.857,271595.312,4106203.25,1
283,499,126.431,37.102,23.788,271679.094,4109299.25,1
283,500,126.431,37.13,23.835,271762.938,4112395,1
283,501,126.431,37.158,23.912,271846.812,4115491,1
283,502,126.431,37.186,23.989,271930.75,4118587,1
283,503,126.431,37.214,24.01,272014.438,4121672,1
283,504,126.431,37.242,24.016,272098.5,4124768,1
283,505,126.431,37.269,24.254,272182.312,4127852.75,1
283,506,126.431,37.297,24.479,272266.469,4130949,1
283,507,126.431,37.325,24.373,272350.375,4134033.75,1
283,508,126.431,37.353,24.391,272434.312,4137118.75,1
283,509,126.431,37.381,24.399,272518.344,4140203.75,1
283,510,126.431,37.409,24.427,272602.719,4143299.75,1
283,511,126.431,37.436,24.437,272686.531,4146373.75,1
283,512,126.431,37.464,24.469,272770.719,4149458.75,1
283,513,126.431,37.492,24.473,272854.938,4152543.75,1
283,514,126.431,37.52,24.474,272938.938,4155617.5,1
283,515,126.431,37.547,24.496,273023.25,4158702.75,1
283,516,126.431,37.575,24.536,273107.344,4161776.5,1
283,525,126.431,37.824,24.279,273866.219,4189431.5,1
283,526,126.431,37.852,24.266,273950.844,4192505.5,1
284,442,126.463,35.495,25.99,269844.844,3930876.75,1
284,443,126.463,35.523,26.175,269926.25,3934038.75,1
284,444,126.463,35.552,26.189,270007.406,3937189.5,1
284,445,126.463,35.58,26.109,270088.875,3940351.25,1
284,446,126.463,35.609,25.935,270170.156,3943502,1
284,448,126.463,35.666,25.619,270333.125,3949814.75,1
284,449,126.463,35.694,25.525,270414.875,3952976.5,1
284,450,126.463,35.722,25.633,270496.344,3956127.5,1
284,451,126.463,35.751,25.822,270577.906,3959278.25,1
284,452,126.463,35.779,25.645,270659.5,3962429,1
284,454,126.463,35.836,25.831,270822.594,3968719.75,1
284,455,126.463,35.864,25.874,270904.375,3971870.5,1
284,456,126.463,35.893,25.5,270985.906,3975010.25,1
284,457,126.463,35.921,25.557,271067.812,3978161.25,1
284,458,126.463,35.949,25.715,271149.469,3981301,1
284,459,126.463,35.978,25.749,271231.156,3984441,1
284,460,126.463,36.006,25.696,271312.938,3987580.75,1
284,461,126.463,36.034,25.682,271395.062,3990731.75,1
284,462,126.463,36.062,25.697,271476.625,3993860.5,1
284,463,126.463,36.091,25.71,271558.562,3997000.25,1
284,464,126.463,36.119,25.688,271640.562,4000140.25,1
284,465,126.463,36.147,25.701,271722.594,4003280,1
284,466,126.463,36.176,25.838,271804.406,4006409,1
284,467,126.463,36.204,25.97,271886.562,4009548.75,1
284,468,126.463,36.232,26.049,271968.5,4012677.75,1
284,469,126.463,36.26,26.02,272050.469,4015806.5,1
284,470,126.463,36.289,25.818,272132.5,4018935.5,1
284,471,126.463,36.317,25.507,272214.594,4022064.25,1
284,472,126.463,36.345,25.265,272296.75,4025193.25,1
284,473,126.463,36.373,25.119,272378.938,4028322,1
284,474,126.463,36.401,25.043,272461.188,4031451,1
284,475,126.463,36.429,24.976,272543.219,4034568.75,1
284,476,126.463,36.458,24.913,272625.562,4037697.75,1
284,477,126.463,36.486,24.875,272707.719,4040815.5,1
284,478,126.463,36.514,24.835,272789.875,4043933.5,1
284,479,126.463,36.542,24.812,272872.406,4047062.5,1
284,480,126.463,36.57,24.812,272954.719,4050180.25,1
284,481,126.463,36.598,24.868,273037.062,4053298.25,1
284,482,126.463,36.626,24.866,273119.156,4056405,1
284,494,126.463,36.963,24.069,274109.562,4093721,1
284,495,126.463,36.991,24.111,274192.375,4096828,1
284,496,126.463,37.018,24.053,274274.969,4099923.75,1
284,497,126.463,37.046,23.908,274357.594,4103019.75,1
284,498,126.463,37.074,23.961,274440.562,4106126.75,1
284,499,126.463,37.102,23.867,274523.281,4109222.75,1
284,500,126.463,37.13,23.896,274606.062,4112318.5,1
284,501,126.463,37.158,23.97,274688.906,4115414.5,1
284,502,126.463,37.186,24.058,274771.812,4118510.5,1
284,503,126.463,37.214,24.13,274854.469,4121595.25,1
284,506,126.463,37.297,24.499,275103.312,4130872.25,1
284,507,126.463,37.325,24.43,275186.188,4133957.25,1
284,508,126.463,37.353,24.444,275269.094,4137042,1
284,509,126.463,37.381,24.452,275352.062,4140127,1
284,510,126.463,37.409,24.465,275435.375,4143223,1
284,511,126.463,37.436,24.448,275518.156,4146297,1
284,512,126.463,37.464,24.472,275601.281,4149382,1
284,515,126.463,37.547,24.515,275850.688,4158625.75,1
284,516,126.463,37.575,24.544,275933.719,4161699.75,1
284,517,126.463,37.603,24.597,276017.125,4164784.75,1
284,525,126.463,37.824,24.344,276683.125,4189354.5,1
284,526,126.463,37.852,24.31,276766.688,4192428.5,1
285,444,126.495,35.552,26.195,272908.625,3937115.25,1
285,445,126.495,35.58,26.157,272989.094,3940277,1
285,451,126.495,35.751,25.849,273471.938,3959203.75,1
285,454,126.495,35.836,25.856,273713.531,3968645.25,1
285,455,126.495,35.864,25.91,273794.281,3971796,1
285,456,126.495,35.893,25.563,273874.781,3974935.75,1
285,457,126.495,35.921,25.571,273955.625,3978086.75,1
285,458,126.495,35.949,25.708,274036.25,3981226.5,1
285,459,126.495,35.978,25.762,274116.938,3984366.25,1
285,460,126.495,36.006,25.776,274197.688,3987506,1
285,461,126.495,36.034,25.774,274278.75,3990657,1
285,462,126.495,36.062,25.79,274359.312,3993785.75,1
285,463,126.495,36.091,25.81,274440.219,3996925.5,1
285,464,126.495,36.119,25.771,274521.156,4000065.5,1
285,465,126.495,36.147,25.742,274602.156,4003205.25,1
285,466,126.495,36.176,25.837,274682.938,4006334,1
285,467,126.495,36.204,25.934,274764.062,4009474,1
285,468,126.495,36.232,26.002,274844.938,4012602.75,1
285,469,126.495,36.26,26.016,274925.906,4015731.75,1
285,470,126.495,36.289,25.968,275006.906,4018860.5,1
285,471,126.495,36.317,25.887,275087.938,4021989.25,1
285,472,126.495,36.345,25.8,275169.062,4025118.25,1
285,473,126.495,36.373,25.71,275250.219,4028247,1
285,475,126.495,36.429,25.272,275412.406,4034493.75,1
285,493,126.495,36.935,24.204,276877.25,4090538.5,1
285,494,126.495,36.963,24.105,276958.969,4093645.5,1
285,495,126.495,36.991,24.022,277040.75,4096752.5,1
285,496,126.495,37.018,23.919,277122.281,4099848.25,1
285,497,126.495,37.046,23.95,277203.844,4102944.25,1
285,498,126.495,37.074,24.012,277285.781,4106051.25,1
285,499,126.495,37.102,23.927,277367.469,4109147,1
285,500,126.495,37.13,23.939,277449.219,4112243,1
285,501,126.495,37.158,24.019,277531,4115339,1
285,502,126.495,37.186,24.123,277612.844,4118435,1
285,503,126.495,37.214,24.193,277694.438,4121519.75,1
285,504,126.495,37.242,24.268,277776.406,4124615.75,1
285,506,126.495,37.297,24.584,277940.156,4130796.5,1
285,507,126.495,37.325,24.439,278021.969,4133881.5,1
285,508,126.495,37.353,24.478,278103.844,4136966.25,1
285,509,126.495,37.381,24.49,278185.781,4140051.25,1
285,510,126.495,37.409,24.489,278268.031,4143147.25,1
285,511,126.495,37.436,24.466,278349.75,4146221.25,1
285,514,126.495,37.52,24.567,278595.844,4155465,1
285,515,126.495,37.547,24.547,278678.094,4158550,1
285,516,126.495,37.575,24.534,278760.094,4161623.75,1
285,524,126.495,37.797,24.49,279417.875,4186215.5,1
285,525,126.495,37.824,24.436,279500.031,4189278.5,1
285,526,126.495,37.852,24.409,279582.531,4192352.5,1
286,444,126.527,35.552,26.188,275800.781,3937042,1
286,445,126.527,35.58,26.197,275880.219,3940203.75,1
286,455,126.527,35.864,25.921,276675.125,3971722.5,1
286,459,126.527,35.978,25.755,276993.688,3984292.75,1
286,460,126.527,36.006,25.779,277073.375,3987432.5,1
286,461,126.527,36.034,25.818,277153.406,3990583.5,1
286,462,126.527,36.062,25.838,277232.938,3993712.25,1
286,463,126.527,36.091,25.859,277312.812,3996852,1
286,464,126.527,36.119,25.804,277392.75,3999991.75,1
286,465,126.527,36.147,25.756,277472.719,4003131.75,1
286,466,126.527,36.176,25.8,277552.469,4006260.5,1
286,467,126.527,36.204,25.848,277632.531,4009400.25,1
286,468,126.527,36.232,25.896,277712.406,4012529.25,1
286,469,126.527,36.26,25.932,277792.312,4015658,1
286,470,126.527,36.289,25.943,277872.281,4018786.75,1
286,472,126.527,36.345,25.888,278032.344,4025044.5,1
286,494,126.527,36.963,24.114,279799.469,4093571.25,1
286,498,126.527,37.074,24.025,280122.094,4105977,1
286,499,126.527,37.102,23.969,280202.719,4109072.75,1
286,500,126.527,37.13,23.977,280283.438,4112168.75,1
286,501,126.527,37.158,24.062,280364.188,4115264.5,1
286,502,126.527,37.186,24.177,280444.969,4118360.5,1
286,503,126.527,37.214,24.211,280525.531,4121445.25,1
286,504,126.527,37.242,24.396,280606.438,4124541.25,1
286,505,126.527,37.269,24.6,280687.125,4127626,1
286,506,126.527,37.297,24.699,280768.125,4130722,1
286,507,126.527,37.325,24.484,280848.906,4133807,1
286,508,126.527,37.353,24.493,280929.719,4136891.75,1
286,509,126.527,37.381,24.514,281010.594,4139976.75,1
286,510,126.527,37.409,24.507,281091.812,4143072.75,1
286,511,126.527,37.436,24.479,281172.5,4146146.5,1
286,512,126.527,37.464,24.472,281253.531,4149231.5,1
286,515,126.527,37.547,24.528,281496.625,4158475.25,1
286,516,126.527,37.575,24.537,281577.594,4161549.25,1
286,517,126.527,37.603,24.548,281658.875,4164634,1
286,518,126.527,37.631,24.557,281739.906,4167708,1
286,519,126.527,37.658,24.564,281821,4170782,1
286,520,126.527,37.686,24.571,281902.156,4173856,1
286,521,126.527,37.714,24.575,281983.375,4176929.75,1
286,522,126.527,37.741,24.581,282064.625,4180003.75,1
286,523,126.527,37.769,24.56,282145.625,4183066.75,1
286,524,126.527,37.797,24.507,282226.969,4186140.75,1
287,444,126.559,35.552,26.177,278701.969,3936969.75,1
287,445,126.559,35.58,26.219,278780.375,3940131.5,1
287,458,126.559,35.949,25.772,279800.781,3981080.25,1
287,459,126.559,35.978,25.758,279879.406,3984220,1
287,460,126.559,36.006,25.763,279958.062,3987359.75,1
287,461,126.559,36.034,25.82,280037.062,3990510.75,1
287,462,126.559,36.062,25.861,280115.562,3993639.25,1
287,463,126.559,36.091,25.876,280194.406,3996779.25,1
287,464,126.559,36.119,25.808,280273.281,3999919,1
287,497,126.559,37.046,24.087,282887.438,4102796.25,1
287,498,126.559,37.074,24.028,282967.281,4105903.25,1
287,499,126.559,37.102,24.004,283046.875,4108999.25,1
287,500,126.559,37.13,24.029,283126.531,4112095,1
287,501,126.559,37.158,24.128,283206.219,4115191,1
287,502,126.559,37.186,24.271,283285.969,4118286.75,1
287,506,126.559,37.297,24.72,283604.938,4130648.25,1
287,507,126.559,37.325,24.583,283684.656,4133733,1
287,508,126.559,37.353,24.544,283764.438,4136818,1
287,509,126.559,37.381,24.533,283844.281,4139902.75,1
287,510,126.559,37.409,24.527,283924.438,4142998.75,1
287,511,126.559,37.436,24.5,284004.062,4146072.75,1
287,512,126.559,37.464,24.487,284084.062,4149157.5,1
287,513,126.559,37.492,24.488,284164.094,4152242.5,1
287,514,126.559,37.52,24.488,284243.875,4155316.25,1
287,515,126.559,37.547,24.475,284324,4158401.25,1
287,516,126.559,37.575,24.501,284403.906,4161475.25,1
287,517,126.559,37.603,24.507,284484.125,4164560.25,1
287,523,126.559,37.769,24.566,284964.594,4182992.5,1
287,524,126.559,37.797,24.531,285044.875,4186066.5,1
288,444,126.591,35.552,26.165,281603.125,3936898.25,1
288,445,126.591,35.58,26.24,281680.5,3940060,1
288,458,126.591,35.949,25.741,282687.531,3981008.5,1
288,459,126.591,35.978,25.743,282765.094,3984148.25,1
288,460,126.591,36.006,25.752,282842.75,3987288,1
288,461,126.591,36.034,25.811,282920.719,3990438.75,1
288,462,126.591,36.062,25.867,282998.188,3993567.5,1
288,463,126.591,36.091,25.878,283075.969,3996707.25,1
288,464,126.591,36.119,25.801,283153.812,3999847,1
288,496,126.591,37.018,24.149,285655.188,4099628,1
288,497,126.591,37.046,24.073,285733.656,4102723.75,1
288,498,126.591,37.074,24.015,285812.438,4105830.5,1
288,499,126.591,37.102,24.072,285891,4108926.5,1
288,500,126.591,37.13,24.117,285969.594,4112022.25,1
288,501,126.591,37.158,24.228,286048.25,4115118.25,1
288,502,126.591,37.186,24.395,286126.969,4118214,1
288,506,126.591,37.297,24.721,286441.719,4130575.5,1
288,507,126.591,37.325,24.627,286520.406,4133660.25,1
288,508,126.591,37.353,24.579,286599.125,4136745.25,1
288,509,126.591,37.381,24.553,286677.906,4139830,1
288,510,126.591,37.409,24.542,286757.031,4142926,1
288,511,126.591,37.436,24.525,286835.625,4145999.75,1
288,512,126.591,37.464,24.519,286914.562,4149084.75,1
288,513,126.591,37.492,24.535,286993.531,4152169.5,1
288,514,126.591,37.52,24.518,287072.281,4155243.5,1
288,515,126.591,37.547,24.498,287151.344,4158328.25,1
288,523,126.591,37.769,24.571,287783.531,4182919.5,1
288,524,126.591,37.797,24.545,287862.75,4185993.25,1
289,445,126.622,35.58,26.283,284571.562,3939989.5,1
289,458,126.622,35.949,25.753,285565.219,3980937.75,1
289,459,126.622,35.978,25.743,285641.781,3984077.5,1
289,460,126.622,36.006,25.742,285718.375,3987217.25,1
289,461,126.622,36.034,25.807,285795.312,3990368,1
289,462,126.622,36.062,25.865,285871.75,3993496.75,1
289,463,126.622,36.091,25.863,285948.531,3996636.5,1
289,495,126.622,36.991,24.253,288416.188,4096460.75,1
289,496,126.622,37.018,24.141,288493.531,4099556.5,1
289,497,126.622,37.046,24.041,288570.938,4102652.25,1
289,498,126.622,37.074,24.07,288648.688,4105759.25,1
289,499,126.622,37.102,24.184,288726.188,4108855,1
289,500,126.622,37.13,24.232,288803.781,4111950.75,1
289,501,126.622,37.158,24.329,288881.375,4115046.75,1
289,502,126.622,37.186,24.479,288959.031,4118142.5,1
289,503,126.622,37.214,24.449,289036.469,4121227.25,1
289,505,126.622,37.269,24.776,289191.781,4127408,1
289,506,126.622,37.297,24.706,289269.625,4130503.75,1
289,507,126.622,37.325,24.631,289347.281,4133588.75,1
289,508,126.622,37.353,24.58,289424.969,4136673.5,1
289,509,126.622,37.381,24.552,289502.688,4139758.25,1
289,510,126.622,37.409,24.537,289580.75,4142854.25,1
289,513,126.622,37.492,24.557,289814.125,4152097.75,1
289,514,126.622,37.52,24.54,289891.812,4155171.5,1
289,523,126.622,37.769,24.583,290593.625,4182847.5,1
289,524,126.622,37.797,24.563,290671.812,4185921.5,1
290,445,126.655,35.58,26.31,287471.656,3939920,1
290,459,126.655,35.978,25.728,288527.438,3984007.75,1
290,460,126.655,36.006,25.741,288603,3987147.25,1
290,461,126.655,36.034,25.823,288678.906,3990298.25,1
290,494,126.655,36.963,24.324,291187.906,4093283.25,1
290,495,126.655,36.991,24.306,291264.438,4096390,1
290,496,126.655,37.018,24.124,291340.75,4099485.75,1
290,497,126.655,37.046,24.084,291417.125,4102581.5,1
290,498,126.655,37.074,24.141,291493.812,4105688.5,1
290,499,126.655,37.102,24.236,291570.281,4108784.25,1
290,500,126.655,37.13,24.319,291646.812,4111880,1
290,501,126.655,37.158,24.393,291723.375,4114975.75,1
290,502,126.655,37.186,24.486,291800,4118071.75,1
290,503,126.655,37.214,24.414,291876.375,4121156.5,1
290,505,126.655,37.269,24.724,292029.594,4127337,1
290,506,126.655,37.297,24.623,292106.406,4130433,1
290,507,126.655,37.325,24.592,292182.969,4133517.75,1
290,508,126.655,37.353,24.555,292259.625,4136602.5,1
290,509,126.655,37.381,24.531,292336.312,4139687.5,1
291,460,126.687,36.006,25.736,291487.625,3987078.25,1
291,496,126.687,37.018,24.156,294187.969,4099416,1
291,497,126.687,37.046,24.141,294263.281,4102511.75,1
291,498,126.687,37.074,24.174,294338.938,4105618.75,1
291,499,126.687,37.102,24.243,294414.344,4108714.5,1
291,505,126.687,37.269,24.74,294867.375,4127267.25,1
291,506,126.687,37.297,24.67,294943.125,4130363,1
291,507,126.687,37.325,24.614,295018.688,4133447.75,1
291,508,126.687,37.353,24.551,295094.281,4136532.5,1
291,509,126.687,37.381,24.562,295169.906,4139617.5,1
292,460,126.718,36.006,25.725,294363.219,3987010.5,1
292,495,126.718,36.991,24.171,296952,4096251.75,1
292,496,126.718,37.018,24.186,297026.25,4099347.5,1
292,497,126.718,37.046,24.169,297100.531,4102443.25,1
292,498,126.718,37.074,24.199,297175.125,4105550,1
292,499,126.718,37.102,24.245,297249.5,4108645.75,1
292,500,126.718,37.13,24.248,297323.938,4111741.5,1
292,505,126.718,37.269,24.764,297696.281,4127198.5,1
292,506,126.718,37.297,24.757,297771,4130294.25,1
292,507,126.718,37.325,24.679,297845.5,4133379,1
292,509,126.718,37.381,24.666,297994.625,4139548.5,1
293,495,126.75,36.991,24.217,299800.219,4096184,1
293,496,126.75,37.018,24.206,299873.406,4099279.75,1
293,498,126.75,37.074,24.23,300020.188,4105482.25,1
293,499,126.75,37.102,24.23,300093.531,4108578,1
293,500,126.75,37.13,24.231,300166.938,4111673.75,1
293,501,126.75,37.158,24.231,300240.344,4114769.5,1
293,505,126.75,37.269,24.778,300534.031,4127130.5,1
293,506,126.75,37.297,24.786,300607.688,4130226.25,1
294,494,126.782,36.963,24.236,302576.031,4093010.25,1
294,495,126.782,36.991,24.245,302648.406,4096117,1
294,496,126.782,37.018,24.224,302720.562,4099212.75,1
294,501,126.782,37.158,24.233,303082.281,4114702.5,1
294,505,126.782,37.269,24.784,303371.75,4127063.5,1
294,506,126.782,37.297,24.789,303444.375,4130159.25,1
295,494,126.814,36.963,24.28,305416.344,4092944.75,1
295,495,126.814,36.991,24.258,305487.688,4096051.5,1
295,506,126.814,37.297,24.774,306272.188,4130093.25,1
